policy_hash,node_id,level,start_arrival,end_arrival,within_task,merge_method,repair_fraction,retained_energy_mean,child_cosine_mean,merge_damage,postrepair_damage,repair_recovery,core_dimension_max,repair_examples,repair_tokens,repair_steps,repair_wall_seconds,merge_wall_seconds,merge_config_hash
1e51d2973353ad68f99979f822cde7713401e16b4f79106bc90c540e0e18c8c7,0120004419d6d9182c9bf7dc7d01fcc89c2fab04eb0e2f667a4a1c256ada759f,2,17,20,True,svd_mean_r8,0.0,0.9148243520800851,0.11626572377679091,0.044258722104132175,0.044258722104132175,0.0,0,0,0,0,0.0,0.45450819469988346,08c262c3a1d8d5b5d12f9e4cec01a20231ab564308a7b5266dab21fe51fb46ed
1e51d2973353ad68f99979f822cde7713401e16b4f79106bc90c540e0e18c8c7,01ada171ec9092e472bb5a8342664ad666c7da1ed459e1b3d7c5b4183bdadfe6,1,15,16,False,svd_mean_r8,0.0,0.9341082967208818,0.0019662090244575194,-0.028601197991520166,-0.028601197991520166,0.0,0,0,0,0,0.0,0.47775228321552277,08c262c3a1d8d5b5d12f9e4cec01a20231ab564308a7b5266dab21fe51fb46ed
1e51d2973353ad68f99979f822cde7713401e16b4f79106bc90c540e0e18c8c7,0745f6fa4971e52bc0748f19de77f0f705061d0b0e11e19e0c884fd6e2eaddb4,1,1,2,True,svd_mean_r8,0.0,0.9387068762516793,0.06065724301714732,-0.05349166441010311,-0.05349166441010311,0.0,0,0,0,0,0.0,0.42130560241639614,08c262c3a1d8d5b5d12f9e4cec01a20231ab564308a7b5266dab21fe51fb46ed
1e51d2973353ad68f99979f822cde7713401e16b4f79106bc90c540e0e18c8c7,17903bc836d8ba50b43430c97fedaa2cc578e7cc2f448a227d5cfc5bb0581fcd,3,9,16,False,svd_mean_r8,0.0,0.8989431434284978,0.19232436414918458,0.2606953910241523,0.2606953910241523,0.0,0,0,0,0,0.0,0.40708761662244797,08c262c3a1d8d5b5d12f9e4cec01a20231ab564308a7b5266dab21fe51fb46ed
1e51d2973353ad68f99979f822cde7713401e16b4f79106bc90c540e0e18c8c7,1d39607e63fa78261f1d172ed38d6a6e84d7e36aa538509899460baa5df69d23,1,27,28,True,svd_mean_r8,0.0,0.9597389897842202,0.06390536151398443,0.07471701481699711,0.07471701481699711,0.0,0,0,0,0,0.0,0.3806895334273577,08c262c3a1d8d5b5d12f9e4cec01a20231ab564308a7b5266dab21fe51fb46ed
1e51d2973353ad68f99979f822cde7713401e16b4f79106bc90c540e0e18c8c7,27adcbaca6c70de0c993a2a53a1f52237465b808dd9e083cc65da462139d6786,1,19,20,True,svd_mean_r8,0.0,0.9286462628782348,0.05955816374318385,0.026443746872246265,0.026443746872246265,0.0,0,0,0,0,0.0,0.39276421815156937,08c262c3a1d8d5b5d12f9e4cec01a20231ab564308a7b5266dab21fe51fb46ed
1e51d2973353ad68f99979f822cde7713401e16b4f79106bc90c540e0e18c8c7,2c6db93757974a4ef9066ede8feb683f1c5e222d74e317979a3a151f045992b6,2,25,28,False,svd_mean_r8,0.0,0.9249285988318646,0.07667626880479773,0.019678369513712823,0.019678369513712823,0.0,0,0,0,0,0.0,0.3980734050273895,08c262c3a1d8d5b5d12f9e4cec01a20231ab564308a7b5266dab21fe51fb46ed
1e51d2973353ad68f99979f822cde7713401e16b4f79106bc90c540e0e18c8c7,31f32c9500cad0c67c045dd5ee862d32d65a71ae6f1f6b49cbbdc542e1a65f11,1,7,8,True,svd_mean_r8,0.0,0.9568901342514036,0.0775689109509388,0.024154577404260635,0.024154577404260635,0.0,0,0,0,0,0.0,0.3742716684937477,08c262c3a1d8d5b5d12f9e4cec01a20231ab564308a7b5266dab21fe51fb46ed
1e51d2973353ad68f99979f822cde7713401e16b4f79106bc90c540e0e18c8c7,3268eb5e058af87379c0b0aa52a2b217228642bcb1daf383b7a48947b01cda74,1,31,32,True,svd_mean_r8,0.0,0.9612491246562378,0.07297681314247377,-0.08292815694585443,-0.08292815694585443,0.0,0,0,0,0,0.0,0.419892605394125,08c262c3a1d8d5b5d12f9e4cec01a20231ab564308a7b5266dab21fe51fb46ed
1e51d2973353ad68f99979f822cde7713401e16b4f79106bc90c540e0e18c8c7,41b93a772df39c1f62c5102bd843077e53a00f6455f9e6a8e076d8e41cf9dbf0,2,13,16,False,svd_mean_r8,0.0,0.9233002736754253,0.11919319046331733,0.30533537454903126,0.30533537454903126,0.0,0,0,0,0,0.0,0.4122816324234009,08c262c3a1d8d5b5d12f9e4cec01a20231ab564308a7b5266dab21fe51fb46ed
1e51d2973353ad68f99979f822cde7713401e16b4f79106bc90c540e0e18c8c7,43132f6a2dbb904542b9be65f7f3134e43f57b3b88035b83885dea7243114432,1,3,4,True,svd_mean_r8,0.0,0.9347111726466775,0.055455170033231437,0.11432432237779722,0.11432432237779722,0.0,0,0,0,0,0.0,0.36456868797540665,08c262c3a1d8d5b5d12f9e4cec01a20231ab564308a7b5266dab21fe51fb46ed
1e51d2973353ad68f99979f822cde7713401e16b4f79106bc90c540e0e18c8c7,47a1b0022fc1f6941637d400a3dfc547e7aca79629a175bd136aae7439b89537,1,17,18,True,svd_mean_r8,0.0,0.9354359403741624,0.06578648059853473,0.034725816920399666,0.034725816920399666,0.0,0,0,0,0,0.0,0.3811284024268389,08c262c3a1d8d5b5d12f9e4cec01a20231ab564308a7b5266dab21fe51fb46ed
1e51d2973353ad68f99979f822cde7713401e16b4f79106bc90c540e0e18c8c7,4bdb7b41d4d17f5e16d516d27a7da1fa545642faa8a309d99017dda2a6df808e,2,9,12,False,svd_mean_r8,0.0,0.9282151853243167,0.003758994947343568,-0.33945469558238983,-0.33945469558238983,0.0,0,0,0,0,0.0,0.36454595066607,08c262c3a1d8d5b5d12f9e4cec01a20231ab564308a7b5266dab21fe51fb46ed
1e51d2973353ad68f99979f822cde7713401e16b4f79106bc90c540e0e18c8c7,579daa4083af565af0228b0422403b9cb8cd7d2eb6a11073ad6a6da6177c78d7,1,29,30,True,svd_mean_r8,0.0,0.9606232060646054,0.06966824021752985,-0.08075921982526779,-0.08075921982526779,0.0,0,0,0,0,0.0,0.4209874477237463,08c262c3a1d8d5b5d12f9e4cec01a20231ab564308a7b5266dab21fe51fb46ed
1e51d2973353ad68f99979f822cde7713401e16b4f79106bc90c540e0e18c8c7,619dd99f9be6af638bc99c9d6ac7b095d81e6822159cdce7c3c50ecba2e189ef,1,33,34,True,svd_mean_r8,0.0,0.9610298675588939,0.07423928949059382,0.17445612759911455,0.17445612759911455,0.0,0,0,0,0,0.0,0.3916309829801321,08c262c3a1d8d5b5d12f9e4cec01a20231ab564308a7b5266dab21fe51fb46ed
1e51d2973353ad68f99979f822cde7713401e16b4f79106bc90c540e0e18c8c7,650f23a261ea23e511b3153fb6e2d826b06ebea231f131c64b9a38355791bd2c,3,17,24,False,svd_mean_r8,0.0,0.8836740852738476,0.006312972290562976,-0.03821345418691635,-0.03821345418691635,0.0,0,0,0,0,0.0,0.4398771822452545,08c262c3a1d8d5b5d12f9e4cec01a20231ab564308a7b5266dab21fe51fb46ed
1e51d2973353ad68f99979f822cde7713401e16b4f79106bc90c540e0e18c8c7,6c5f1585c41e7075e871f7adfde75d89fdec84b294a4e78a3ddf838ccd6e74bb,1,25,26,False,svd_mean_r8,0.0,0.9267784096416398,0.003818561291125566,-0.17414742871187627,-0.17414742871187627,0.0,0,0,0,0,0.0,0.47946600057184696,08c262c3a1d8d5b5d12f9e4cec01a20231ab564308a7b5266dab21fe51fb46ed
1e51d2973353ad68f99979f822cde7713401e16b4f79106bc90c540e0e18c8c7,732d05fd02dc1d0f785f7be1aea87536e1d29d9ed3f6286634c0499f5442df89,2,5,8,False,svd_mean_r8,0.0,0.9404931850874899,0.08752915728795735,-0.0322477892623283,-0.0322477892623283,0.0,0,0,0,0,0.0,0.4191476535052061,08c262c3a1d8d5b5d12f9e4cec01a20231ab564308a7b5266dab21fe51fb46ed
1e51d2973353ad68f99979f822cde7713401e16b4f79106bc90c540e0e18c8c7,77274d05894a0c90f13f165e9ee95a1960266c36a5cd296b19fecefdeba8c249,1,23,24,True,svd_mean_r8,0.0,0.9009606039195291,0.050242538060127476,0.004363484680652618,0.004363484680652618,0.0,0,0,0,0,0.0,0.37885097973048687,08c262c3a1d8d5b5d12f9e4cec01a20231ab564308a7b5266dab21fe51fb46ed
1e51d2973353ad68f99979f822cde7713401e16b4f79106bc90c540e0e18c8c7,831233efcb2e15eb68f4557a896c6a070376753dd087167ddd296d59281dee3e,4,1,16,False,svd_mean_r8,0.0,0.9086405536784626,0.05186670272124704,-0.05781122330517974,-0.05781122330517974,0.0,0,0,0,0,0.0,0.4078235197812319,08c262c3a1d8d5b5d12f9e4cec01a20231ab564308a7b5266dab21fe51fb46ed
1e51d2973353ad68f99979f822cde7713401e16b4f79106bc90c540e0e18c8c7,9b12f10fa73d981a4308fc651241f0e93bf33411beae1c110cf310bca0776dd4,2,33,36,False,svd_mean_r8,0.0,0.9266603889960467,0.06059532889527001,0.021968374494463205,0.021968374494463205,0.0,0,0,0,0,0.0,0.41789387352764606,08c262c3a1d8d5b5d12f9e4cec01a20231ab564308a7b5266dab21fe51fb46ed
1e51d2973353ad68f99979f822cde7713401e16b4f79106bc90c540e0e18c8c7,9efb562b2ebd0a8a69e887dd9091ffaee44ff091a80f3340e28ec08673872bb6,1,37,38,True,svd_mean_r8,0.0,0.9162907307677834,0.05466240035507613,-0.02958739548921585,-0.02958739548921585,0.0,0,0,0,0,0.0,0.4027787856757641,08c262c3a1d8d5b5d12f9e4cec01a20231ab564308a7b5266dab21fe51fb46ed
1e51d2973353ad68f99979f822cde7713401e16b4f79106bc90c540e0e18c8c7,b2034116721a1c9ecc1fa15e77d141b055fd4d4e4c12779737ad6cc1b29325d0,2,29,32,False,svd_mean_r8,0.0,0.9389213767417739,0.08115902196853227,-0.009781577857211232,-0.009781577857211232,0.0,0,0,0,0,0.0,0.3894131612032652,08c262c3a1d8d5b5d12f9e4cec01a20231ab564308a7b5266dab21fe51fb46ed
1e51d2973353ad68f99979f822cde7713401e16b4f79106bc90c540e0e18c8c7,bc85c22e99541f6399cd9093f7de51acac97498d1ffe8c2d4f7562701b65349d,1,9,10,True,svd_mean_r8,0.0,0.9569533218912099,0.08111882932361268,-0.005723588168621063,-0.005723588168621063,0.0,0,0,0,0,0.0,0.40519002825021744,08c262c3a1d8d5b5d12f9e4cec01a20231ab564308a7b5266dab21fe51fb46ed
1e51d2973353ad68f99979f822cde7713401e16b4f79106bc90c540e0e18c8c7,c4d80ef71742dbedf6d54f1ca6918a20347a24b5fd4bc92974ba441ce96a4e2f,1,11,12,True,svd_mean_r8,0.0,0.9424440169618009,0.11218755784046308,-0.04604385048151016,-0.04604385048151016,0.0,0,0,0,0,0.0,0.4002005234360695,08c262c3a1d8d5b5d12f9e4cec01a20231ab564308a7b5266dab21fe51fb46ed
1e51d2973353ad68f99979f822cde7713401e16b4f79106bc90c540e0e18c8c7,c68ad33b3997eab723aab56e71bc046d278b975179df40ce2414b056a355dbd3,1,13,14,True,svd_mean_r8,0.0,0.9440335154793923,0.11254589684805846,-0.04516254272311926,-0.04516254272311926,0.0,0,0,0,0,0.0,0.39807700365781784,08c262c3a1d8d5b5d12f9e4cec01a20231ab564308a7b5266dab21fe51fb46ed
1e51d2973353ad68f99979f822cde7713401e16b4f79106bc90c540e0e18c8c7,d05fcbfaa1c7f3d9d2321ceacda63a16df1ea8715457f64da340d3ec70d270b7,3,25,32,False,svd_mean_r8,0.0,0.9210428861882012,0.16441683427917914,-0.009944188447359004,-0.009944188447359004,0.0,0,0,0,0,0.0,0.40257804095745087,08c262c3a1d8d5b5d12f9e4cec01a20231ab564308a7b5266dab21fe51fb46ed
1e51d2973353ad68f99979f822cde7713401e16b4f79106bc90c540e0e18c8c7,d78a48be60f03de3d98576874509787b2d6b86f7d6fb77a9dfbd6c3541a9493e,1,5,6,False,svd_mean_r8,0.0,0.9272551527964988,0.009018642333188673,-0.09575587726430967,-0.09575587726430967,0.0,0,0,0,0,0.0,0.40131776034832,08c262c3a1d8d5b5d12f9e4cec01a20231ab564308a7b5266dab21fe51fb46ed
1e51d2973353ad68f99979f822cde7713401e16b4f79106bc90c540e0e18c8c7,dc4958ca640784e24adedf85bf25fbc4472926133226bba116da1a21e53f73eb,2,1,4,True,svd_mean_r8,0.0,0.9381199409539449,0.1127531253549943,0.08489138190634549,0.08489138190634549,0.0,0,0,0,0,0.0,0.39659222960472107,08c262c3a1d8d5b5d12f9e4cec01a20231ab564308a7b5266dab21fe51fb46ed
1e51d2973353ad68f99979f822cde7713401e16b4f79106bc90c540e0e18c8c7,dd7f0228d04beca2a9eb661c4df5a04f10d63006ae1c363bfe1f4b56bdce470f,1,21,22,True,svd_mean_r8,0.0,0.9004564283151031,0.055026707255667176,0.010167993605136871,0.010167993605136871,0.0,0,0,0,0,0.0,0.4155746456235647,08c262c3a1d8d5b5d12f9e4cec01a20231ab564308a7b5266dab21fe51fb46ed
1e51d2973353ad68f99979f822cde7713401e16b4f79106bc90c540e0e18c8c7,dd802562e95d2e17cbf51e08bd92c703cc4d96dfd390f0e59d95b4c5b59733c3,2,21,24,True,svd_mean_r8,0.0,0.89901757411038,0.10675225660724531,0.04303974658250809,0.04303974658250809,0.0,0,0,0,0,0.0,0.3874298483133316,08c262c3a1d8d5b5d12f9e4cec01a20231ab564308a7b5266dab21fe51fb46ed
1e51d2973353ad68f99979f822cde7713401e16b4f79106bc90c540e0e18c8c7,df80b9a265f1c4dbbf3c9d7c36eda659b9d4022fbea6961a6d0bd520e44add61,1,35,36,False,svd_mean_r8,0.0,0.935116545558215,0.000651361351819932,-0.17836347500269767,-0.17836347500269767,0.0,0,0,0,0,0.0,0.416617464274168,08c262c3a1d8d5b5d12f9e4cec01a20231ab564308a7b5266dab21fe51fb46ed
1e51d2973353ad68f99979f822cde7713401e16b4f79106bc90c540e0e18c8c7,f1e03f4b15e3ddefa5c719f442675bd70eb496603cccd94be5415b26d708f88a,3,1,8,False,svd_mean_r8,0.0,0.9315544552942076,0.07479112280230338,0.025298123742686585,0.025298123742686585,0.0,0,0,0,0,0.0,0.4343166444450617,08c262c3a1d8d5b5d12f9e4cec01a20231ab564308a7b5266dab21fe51fb46ed
546c828af41198edfcc3520d8c0f283eb2555357e275e50fddef434791470b03,0120004419d6d9182c9bf7dc7d01fcc89c2fab04eb0e2f667a4a1c256ada759f,2,17,20,True,core_tsv_r8,0.0,0.8819968048795206,0.0670717106275942,1.1512166894972324,1.1512166894972324,0.0,16,0,0,0,0.0,0.46528116054832935,6d33e7dbc75893145514b2c5851cb322b879bee0974ee6f8e143dd526b42349d
546c828af41198edfcc3520d8c0f283eb2555357e275e50fddef434791470b03,01ada171ec9092e472bb5a8342664ad666c7da1ed459e1b3d7c5b4183bdadfe6,1,15,16,False,core_tsv_r8,0.0,0.9319868637908522,0.0019662090244575194,0.46051509538665414,0.46051509538665414,0.0,16,0,0,0,0.0,0.49707269854843616,6d33e7dbc75893145514b2c5851cb322b879bee0974ee6f8e143dd526b42349d
546c828af41198edfcc3520d8c0f283eb2555357e275e50fddef434791470b03,0745f6fa4971e52bc0748f19de77f0f705061d0b0e11e19e0c884fd6e2eaddb4,1,1,2,True,core_tsv_r8,0.0,0.9144776466334994,0.06065724301714732,0.07532725326018408,0.07532725326018408,0.0,16,0,0,0,0.0,0.5513091459870338,6d33e7dbc75893145514b2c5851cb322b879bee0974ee6f8e143dd526b42349d
546c828af41198edfcc3520d8c0f283eb2555357e275e50fddef434791470b03,17903bc836d8ba50b43430c97fedaa2cc578e7cc2f448a227d5cfc5bb0581fcd,3,9,16,False,core_tsv_r8,0.0,0.8243047018498082,0.08735568412067601,0.9831170663237572,0.9831170663237572,0.0,16,0,0,0,0.0,0.5404709093272686,6d33e7dbc75893145514b2c5851cb322b879bee0974ee6f8e143dd526b42349d
546c828af41198edfcc3520d8c0f283eb2555357e275e50fddef434791470b03,1d39607e63fa78261f1d172ed38d6a6e84d7e36aa538509899460baa5df69d23,1,27,28,True,core_tsv_r8,0.0,0.947847052464677,0.06390536151398443,0.5903035720621119,0.5903035720621119,0.0,16,0,0,0,0.0,0.4797480572015047,6d33e7dbc75893145514b2c5851cb322b879bee0974ee6f8e143dd526b42349d
546c828af41198edfcc3520d8c0f283eb2555357e275e50fddef434791470b03,27adcbaca6c70de0c993a2a53a1f52237465b808dd9e083cc65da462139d6786,1,19,20,True,core_tsv_r8,0.0,0.920115862084236,0.05955816374318385,0.7192709827795625,0.7192709827795625,0.0,16,0,0,0,0.0,0.5634067114442587,6d33e7dbc75893145514b2c5851cb322b879bee0974ee6f8e143dd526b42349d
546c828af41198edfcc3520d8c0f283eb2555357e275e50fddef434791470b03,2c6db93757974a4ef9066ede8feb683f1c5e222d74e317979a3a151f045992b6,2,25,28,False,core_tsv_r8,0.0,0.883489114219492,0.05461695245312123,1.4950748886913061,1.4950748886913061,0.0,16,0,0,0,0.0,0.4882160406559706,6d33e7dbc75893145514b2c5851cb322b879bee0974ee6f8e143dd526b42349d
546c828af41198edfcc3520d8c0f283eb2555357e275e50fddef434791470b03,31f32c9500cad0c67c045dd5ee862d32d65a71ae6f1f6b49cbbdc542e1a65f11,1,7,8,True,core_tsv_r8,0.0,0.9319846719006475,0.0775689109509388,0.10943339206278324,0.10943339206278324,0.0,16,0,0,0,0.0,0.49734433367848396,6d33e7dbc75893145514b2c5851cb322b879bee0974ee6f8e143dd526b42349d
546c828af41198edfcc3520d8c0f283eb2555357e275e50fddef434791470b03,3268eb5e058af87379c0b0aa52a2b217228642bcb1daf383b7a48947b01cda74,1,31,32,True,core_tsv_r8,0.0,0.9478522855978264,0.07297681314247377,0.15124841034412384,0.15124841034412384,0.0,16,0,0,0,0.0,0.4755587372928858,6d33e7dbc75893145514b2c5851cb322b879bee0974ee6f8e143dd526b42349d
546c828af41198edfcc3520d8c0f283eb2555357e275e50fddef434791470b03,41b93a772df39c1f62c5102bd843077e53a00f6455f9e6a8e076d8e41cf9dbf0,2,13,16,False,core_tsv_r8,0.0,0.9004578931823618,0.08766576515737706,0.5400587944313884,0.5400587944313884,0.0,16,0,0,0,0.0,0.48755278065800667,6d33e7dbc75893145514b2c5851cb322b879bee0974ee6f8e143dd526b42349d
546c828af41198edfcc3520d8c0f283eb2555357e275e50fddef434791470b03,43132f6a2dbb904542b9be65f7f3134e43f57b3b88035b83885dea7243114432,1,3,4,True,core_tsv_r8,0.0,0.9093588745120537,0.055455170033231437,0.11029634810984135,0.11029634810984135,0.0,16,0,0,0,0.0,0.5102959554642439,6d33e7dbc75893145514b2c5851cb322b879bee0974ee6f8e143dd526b42349d
546c828af41198edfcc3520d8c0f283eb2555357e275e50fddef434791470b03,47a1b0022fc1f6941637d400a3dfc547e7aca79629a175bd136aae7439b89537,1,17,18,True,core_tsv_r8,0.0,0.9273176853265758,0.06578648059853473,0.6981622409075499,0.6981622409075499,0.0,16,0,0,0,0.0,0.5327486172318459,6d33e7dbc75893145514b2c5851cb322b879bee0974ee6f8e143dd526b42349d
546c828af41198edfcc3520d8c0f283eb2555357e275e50fddef434791470b03,4bdb7b41d4d17f5e16d516d27a7da1fa545642faa8a309d99017dda2a6df808e,2,9,12,False,core_tsv_r8,0.0,0.8922208824643152,0.0018130961152748786,2.4412083718925714,2.4412083718925714,0.0,16,0,0,0,0.0,0.4971884451806545,6d33e7dbc75893145514b2c5851cb322b879bee0974ee6f8e143dd526b42349d
546c828af41198edfcc3520d8c0f283eb2555357e275e50fddef434791470b03,579daa4083af565af0228b0422403b9cb8cd7d2eb6a11073ad6a6da6177c78d7,1,29,30,True,core_tsv_r8,0.0,0.9503362410272345,0.06966824021752985,0.35046811308711767,0.35046811308711767,0.0,16,0,0,0,0.0,0.5093963239341974,6d33e7dbc75893145514b2c5851cb322b879bee0974ee6f8e143dd526b42349d
546c828af41198edfcc3520d8c0f283eb2555357e275e50fddef434791470b03,619dd99f9be6af638bc99c9d6ac7b095d81e6822159cdce7c3c50ecba2e189ef,1,33,34,True,core_tsv_r8,0.0,0.946732337954223,0.07423928949059382,0.09642687469022349,0.09642687469022349,0.0,16,0,0,0,0.0,0.5127824544906616,6d33e7dbc75893145514b2c5851cb322b879bee0974ee6f8e143dd526b42349d
546c828af41198edfcc3520d8c0f283eb2555357e275e50fddef434791470b03,650f23a261ea23e511b3153fb6e2d826b06ebea231f131c64b9a38355791bd2c,3,17,24,False,core_tsv_r8,0.0,0.7998048609966196,0.001850080208696315,0.18388060480356216,0.18388060480356216,0.0,16,0,0,0,0.0,0.5531653594225645,6d33e7dbc75893145514b2c5851cb322b879bee0974ee6f8e143dd526b42349d
546c828af41198edfcc3520d8c0f283eb2555357e275e50fddef434791470b03,6c5f1585c41e7075e871f7adfde75d89fdec84b294a4e78a3ddf838ccd6e74bb,1,25,26,False,core_tsv_r8,0.0,0.9238800808602143,0.003818561291125566,0.46715041800780455,0.46715041800780455,0.0,16,0,0,0,0.0,0.5195171535015106,6d33e7dbc75893145514b2c5851cb322b879bee0974ee6f8e143dd526b42349d
546c828af41198edfcc3520d8c0f283eb2555357e275e50fddef434791470b03,732d05fd02dc1d0f785f7be1aea87536e1d29d9ed3f6286634c0499f5442df89,2,5,8,False,core_tsv_r8,0.0,0.8688358695306458,0.058884036431996384,3.243499010335654,3.243499010335654,0.0,16,0,0,0,0.0,0.4564378671348095,6d33e7dbc75893145514b2c5851cb322b879bee0974ee6f8e143dd526b42349d
546c828af41198edfcc3520d8c0f283eb2555357e275e50fddef434791470b03,77274d05894a0c90f13f165e9ee95a1960266c36a5cd296b19fecefdeba8c249,1,23,24,True,core_tsv_r8,0.0,0.8841971421599288,0.050242538060127476,0.15698742121458054,0.15698742121458054,0.0,16,0,0,0,0.0,0.51118846796453,6d33e7dbc75893145514b2c5851cb322b879bee0974ee6f8e143dd526b42349d
546c828af41198edfcc3520d8c0f283eb2555357e275e50fddef434791470b03,831233efcb2e15eb68f4557a896c6a070376753dd087167ddd296d59281dee3e,4,1,16,False,core_tsv_r8,0.0,0.6963223482760605,0.01939481903430538,0.682476969435811,0.682476969435811,0.0,16,0,0,0,0.0,0.5648256819695234,6d33e7dbc75893145514b2c5851cb322b879bee0974ee6f8e143dd526b42349d
546c828af41198edfcc3520d8c0f283eb2555357e275e50fddef434791470b03,9b12f10fa73d981a4308fc651241f0e93bf33411beae1c110cf310bca0776dd4,2,33,36,False,core_tsv_r8,0.0,0.8820072006835211,0.04325189082238947,1.2145405469927937,1.2145405469927937,0.0,16,0,0,0,0.0,0.48678276129066944,6d33e7dbc75893145514b2c5851cb322b879bee0974ee6f8e143dd526b42349d
546c828af41198edfcc3520d8c0f283eb2555357e275e50fddef434791470b03,9efb562b2ebd0a8a69e887dd9091ffaee44ff091a80f3340e28ec08673872bb6,1,37,38,True,core_tsv_r8,0.0,0.9063601343115056,0.05466240035507613,-0.020067445933818817,-0.020067445933818817,0.0,16,0,0,0,0.0,0.5079848095774651,6d33e7dbc75893145514b2c5851cb322b879bee0974ee6f8e143dd526b42349d
546c828af41198edfcc3520d8c0f283eb2555357e275e50fddef434791470b03,b2034116721a1c9ecc1fa15e77d141b055fd4d4e4c12779737ad6cc1b29325d0,2,29,32,False,core_tsv_r8,0.0,0.8912026484981425,0.04402623052135049,2.2422843603417277,2.2422843603417277,0.0,16,0,0,0,0.0,0.4835475143045187,6d33e7dbc75893145514b2c5851cb322b879bee0974ee6f8e143dd526b42349d
546c828af41198edfcc3520d8c0f283eb2555357e275e50fddef434791470b03,bc85c22e99541f6399cd9093f7de51acac97498d1ffe8c2d4f7562701b65349d,1,9,10,True,core_tsv_r8,0.0,0.9330232731857716,0.08111882932361268,-0.017352404072880745,-0.017352404072880745,0.0,16,0,0,0,0.0,0.5174032002687454,6d33e7dbc75893145514b2c5851cb322b879bee0974ee6f8e143dd526b42349d
546c828af41198edfcc3520d8c0f283eb2555357e275e50fddef434791470b03,c4d80ef71742dbedf6d54f1ca6918a20347a24b5fd4bc92974ba441ce96a4e2f,1,11,12,True,core_tsv_r8,0.0,0.9325764979475932,0.11218755784046308,0.2632289556786418,0.2632289556786418,0.0,16,0,0,0,0.0,0.47437910735607147,6d33e7dbc75893145514b2c5851cb322b879bee0974ee6f8e143dd526b42349d
546c828af41198edfcc3520d8c0f283eb2555357e275e50fddef434791470b03,c68ad33b3997eab723aab56e71bc046d278b975179df40ce2414b056a355dbd3,1,13,14,True,core_tsv_r8,0.0,0.9335957384937016,0.11254589684805846,0.2500488171353936,0.2500488171353936,0.0,16,0,0,0,0.0,0.49716355837881565,6d33e7dbc75893145514b2c5851cb322b879bee0974ee6f8e143dd526b42349d
546c828af41198edfcc3520d8c0f283eb2555357e275e50fddef434791470b03,d05fcbfaa1c7f3d9d2321ceacda63a16df1ea8715457f64da340d3ec70d270b7,3,25,32,False,core_tsv_r8,0.0,0.804662501528024,0.05631908309862023,1.5521422252058987,1.5521422252058987,0.0,16,0,0,0,0.0,0.5087048038840294,6d33e7dbc75893145514b2c5851cb322b879bee0974ee6f8e143dd526b42349d
546c828af41198edfcc3520d8c0f283eb2555357e275e50fddef434791470b03,d78a48be60f03de3d98576874509787b2d6b86f7d6fb77a9dfbd6c3541a9493e,1,5,6,False,core_tsv_r8,0.0,0.9236141486713386,0.009018642333188673,0.14798963721841574,0.14798963721841574,0.0,16,0,0,0,0.0,0.4809543788433075,6d33e7dbc75893145514b2c5851cb322b879bee0974ee6f8e143dd526b42349d
546c828af41198edfcc3520d8c0f283eb2555357e275e50fddef434791470b03,dc4958ca640784e24adedf85bf25fbc4472926133226bba116da1a21e53f73eb,2,1,4,True,core_tsv_r8,0.0,0.853503958940136,0.060897117755112314,0.8652074534911662,0.8652074534911662,0.0,16,0,0,0,0.0,0.49992466904222965,6d33e7dbc75893145514b2c5851cb322b879bee0974ee6f8e143dd526b42349d
546c828af41198edfcc3520d8c0f283eb2555357e275e50fddef434791470b03,dd7f0228d04beca2a9eb661c4df5a04f10d63006ae1c363bfe1f4b56bdce470f,1,21,22,True,core_tsv_r8,0.0,0.8783429953151327,0.055026707255667176,0.1757640764117241,0.1757640764117241,0.0,16,0,0,0,0.0,0.604529483243823,6d33e7dbc75893145514b2c5851cb322b879bee0974ee6f8e143dd526b42349d
546c828af41198edfcc3520d8c0f283eb2555357e275e50fddef434791470b03,dd802562e95d2e17cbf51e08bd92c703cc4d96dfd390f0e59d95b4c5b59733c3,2,21,24,True,core_tsv_r8,0.0,0.8231192018959378,0.05993509430405406,0.36671509593725204,0.36671509593725204,0.0,16,0,0,0,0.0,0.47428442537784576,6d33e7dbc75893145514b2c5851cb322b879bee0974ee6f8e143dd526b42349d
546c828af41198edfcc3520d8c0f283eb2555357e275e50fddef434791470b03,df80b9a265f1c4dbbf3c9d7c36eda659b9d4022fbea6961a6d0bd520e44add61,1,35,36,False,core_tsv_r8,0.0,0.9332709578792708,0.000651361351819932,0.08356420639029238,0.08356420639029238,0.0,16,0,0,0,0.0,0.4812480825930834,6d33e7dbc75893145514b2c5851cb322b879bee0974ee6f8e143dd526b42349d
546c828af41198edfcc3520d8c0f283eb2555357e275e50fddef434791470b03,f1e03f4b15e3ddefa5c719f442675bd70eb496603cccd94be5415b26d708f88a,3,1,8,False,core_tsv_r8,0.0,0.7845529920004903,0.032319152921204866,3.0636951848864555,3.0636951848864555,0.0,16,0,0,0,0.0,0.5073699615895748,6d33e7dbc75893145514b2c5851cb322b879bee0974ee6f8e143dd526b42349d
ae101c7f8b800eed7ae750626b2d1db93697b662160356b34e2df60989a3489e,0120004419d6d9182c9bf7dc7d01fcc89c2fab04eb0e2f667a4a1c256ada759f,2,17,20,True,svd_mean_r8,0.05,0.9146446360822749,0.11636934125379024,0.026954764500260353,0.020094296894967556,0.006860467605292797,0,20,8752,3,1.115214355289936,0.3808982241898775,08c262c3a1d8d5b5d12f9e4cec01a20231ab564308a7b5266dab21fe51fb46ed
ae101c7f8b800eed7ae750626b2d1db93697b662160356b34e2df60989a3489e,01ada171ec9092e472bb5a8342664ad666c7da1ed459e1b3d7c5b4183bdadfe6,1,15,16,False,svd_mean_r8,0.05,0.9341082967208818,0.0019662090244575194,-0.033006378915160894,-0.07286135153844953,0.03985497262328863,0,10,6259,2,0.8882017135620117,0.47775228321552277,08c262c3a1d8d5b5d12f9e4cec01a20231ab564308a7b5266dab21fe51fb46ed
ae101c7f8b800eed7ae750626b2d1db93697b662160356b34e2df60989a3489e,0745f6fa4971e52bc0748f19de77f0f705061d0b0e11e19e0c884fd6e2eaddb4,1,1,2,True,svd_mean_r8,0.05,0.9387068762516793,0.06065724301714732,-0.055820802866946906,-0.03788291075034067,-0.017937892116606236,0,10,1420,2,0.5666485354304314,0.42130560241639614,08c262c3a1d8d5b5d12f9e4cec01a20231ab564308a7b5266dab21fe51fb46ed
ae101c7f8b800eed7ae750626b2d1db93697b662160356b34e2df60989a3489e,17903bc836d8ba50b43430c97fedaa2cc578e7cc2f448a227d5cfc5bb0581fcd,3,9,16,False,svd_mean_r8,0.05,0.900061363045161,0.1980734421296734,0.12252733297646046,-0.21119395891825343,0.3337212918947139,0,40,27520,5,2.2782610170543194,0.39935022965073586,08c262c3a1d8d5b5d12f9e4cec01a20231ab564308a7b5266dab21fe51fb46ed
ae101c7f8b800eed7ae750626b2d1db93697b662160356b34e2df60989a3489e,1d39607e63fa78261f1d172ed38d6a6e84d7e36aa538509899460baa5df69d23,1,27,28,True,svd_mean_r8,0.05,0.9597389897842202,0.06390536151398443,0.10390448333055247,0.0887685061461525,0.015135977184399962,0,10,560,2,0.641020905226469,0.3806895334273577,08c262c3a1d8d5b5d12f9e4cec01a20231ab564308a7b5266dab21fe51fb46ed
ae101c7f8b800eed7ae750626b2d1db93697b662160356b34e2df60989a3489e,27adcbaca6c70de0c993a2a53a1f52237465b808dd9e083cc65da462139d6786,1,19,20,True,svd_mean_r8,0.05,0.9286462628782348,0.05955816374318385,0.020281503908336163,0.020993641577661037,-0.0007121376693248749,0,10,4278,2,0.8231580406427383,0.39276421815156937,08c262c3a1d8d5b5d12f9e4cec01a20231ab564308a7b5266dab21fe51fb46ed
ae101c7f8b800eed7ae750626b2d1db93697b662160356b34e2df60989a3489e,2c6db93757974a4ef9066ede8feb683f1c5e222d74e317979a3a151f045992b6,2,25,28,False,svd_mean_r8,0.05,0.9250614590604677,0.07900855628805352,0.08253131643868983,0.08811158922617324,-0.005580272787483409,0,20,2195,3,0.9135846346616745,0.3885192144662142,08c262c3a1d8d5b5d12f9e4cec01a20231ab564308a7b5266dab21fe51fb46ed
ae101c7f8b800eed7ae750626b2d1db93697b662160356b34e2df60989a3489e,31f32c9500cad0c67c045dd5ee862d32d65a71ae6f1f6b49cbbdc542e1a65f11,1,7,8,True,svd_mean_r8,0.05,0.9568901342514036,0.0775689109509388,0.013464858755469322,-0.009437017142772675,0.022901875898241997,0,10,739,2,0.6079005468636751,0.3742716684937477,08c262c3a1d8d5b5d12f9e4cec01a20231ab564308a7b5266dab21fe51fb46ed
ae101c7f8b800eed7ae750626b2d1db93697b662160356b34e2df60989a3489e,3268eb5e058af87379c0b0aa52a2b217228642bcb1daf383b7a48947b01cda74,1,31,32,True,svd_mean_r8,0.05,0.9612491246562378,0.07297681314247377,-0.118437668425031,-0.14283659122884274,0.02439892280381173,0,10,416,2,0.6204604655504227,0.419892605394125,08c262c3a1d8d5b5d12f9e4cec01a20231ab564308a7b5266dab21fe51fb46ed
ae101c7f8b800eed7ae750626b2d1db93697b662160356b34e2df60989a3489e,41b93a772df39c1f62c5102bd843077e53a00f6455f9e6a8e076d8e41cf9dbf0,2,13,16,False,svd_mean_r8,0.05,0.9233267510499849,0.12046853644884446,0.31844996754080057,0.22307552862912416,0.0953744389116764,0,20,17624,3,1.4805393368005753,0.4184766039252281,08c262c3a1d8d5b5d12f9e4cec01a20231ab564308a7b5266dab21fe51fb46ed
ae101c7f8b800eed7ae750626b2d1db93697b662160356b34e2df60989a3489e,43132f6a2dbb904542b9be65f7f3134e43f57b3b88035b83885dea7243114432,1,3,4,True,svd_mean_r8,0.05,0.9347111726466775,0.055455170033231437,0.12012756598414853,0.1213554943096824,-0.0012279283255338669,0,10,1536,2,0.5976730491966009,0.36456868797540665,08c262c3a1d8d5b5d12f9e4cec01a20231ab564308a7b5266dab21fe51fb46ed
ae101c7f8b800eed7ae750626b2d1db93697b662160356b34e2df60989a3489e,47a1b0022fc1f6941637d400a3dfc547e7aca79629a175bd136aae7439b89537,1,17,18,True,svd_mean_r8,0.05,0.9354359403741624,0.06578648059853473,0.035237607546150684,0.043700145557522774,-0.00846253801137209,0,10,4474,2,0.7248846720904112,0.3811284024268389,08c262c3a1d8d5b5d12f9e4cec01a20231ab564308a7b5266dab21fe51fb46ed
ae101c7f8b800eed7ae750626b2d1db93697b662160356b34e2df60989a3489e,4bdb7b41d4d17f5e16d516d27a7da1fa545642faa8a309d99017dda2a6df808e,2,9,12,False,svd_mean_r8,0.05,0.9282968107097894,0.003790335647276966,-0.35640587471425533,-0.3207347304560244,-0.035671144258230925,0,20,9896,3,1.1325787901878357,0.43799575977027416,08c262c3a1d8d5b5d12f9e4cec01a20231ab564308a7b5266dab21fe51fb46ed
ae101c7f8b800eed7ae750626b2d1db93697b662160356b34e2df60989a3489e,579daa4083af565af0228b0422403b9cb8cd7d2eb6a11073ad6a6da6177c78d7,1,29,30,True,svd_mean_r8,0.05,0.9606232060646054,0.06966824021752985,-0.09184026345610619,-0.12164188851602376,0.02980162505991757,0,10,464,2,0.5674069505184889,0.4209874477237463,08c262c3a1d8d5b5d12f9e4cec01a20231ab564308a7b5266dab21fe51fb46ed
ae101c7f8b800eed7ae750626b2d1db93697b662160356b34e2df60989a3489e,619dd99f9be6af638bc99c9d6ac7b095d81e6822159cdce7c3c50ecba2e189ef,1,33,34,True,svd_mean_r8,0.05,0.9610298675588939,0.07423928949059382,0.172616714873584,0.1492509001545841,0.0233658147189999,0,10,365,2,0.5542536191642284,0.3916309829801321,08c262c3a1d8d5b5d12f9e4cec01a20231ab564308a7b5266dab21fe51fb46ed
ae101c7f8b800eed7ae750626b2d1db93697b662160356b34e2df60989a3489e,650f23a261ea23e511b3153fb6e2d826b06ebea231f131c64b9a38355791bd2c,3,17,24,False,svd_mean_r8,0.05,0.8825474175249179,0.0065204965920011276,-0.05570439388975501,-0.13462209654971957,0.07891770265996456,0,40,13844,5,1.6750761270523071,0.4183329027146101,08c262c3a1d8d5b5d12f9e4cec01a20231ab564308a7b5266dab21fe51fb46ed
ae101c7f8b800eed7ae750626b2d1db93697b662160356b34e2df60989a3489e,6c5f1585c41e7075e871f7adfde75d89fdec84b294a4e78a3ddf838ccd6e74bb,1,25,26,False,svd_mean_r8,0.05,0.9267784096416398,0.003818561291125566,-0.18466594016354065,-0.22114964706997853,0.036483706906437874,0,10,1635,2,0.6528667826205492,0.47946600057184696,08c262c3a1d8d5b5d12f9e4cec01a20231ab564308a7b5266dab21fe51fb46ed
ae101c7f8b800eed7ae750626b2d1db93697b662160356b34e2df60989a3489e,732d05fd02dc1d0f785f7be1aea87536e1d29d9ed3f6286634c0499f5442df89,2,5,8,False,svd_mean_r8,0.05,0.9405336676184258,0.08849938497715285,-0.028611882240511477,-0.028857859841082245,0.0002459776005707681,0,20,1782,3,0.8770362790673971,0.4630617368966341,08c262c3a1d8d5b5d12f9e4cec01a20231ab564308a7b5266dab21fe51fb46ed
ae101c7f8b800eed7ae750626b2d1db93697b662160356b34e2df60989a3489e,77274d05894a0c90f13f165e9ee95a1960266c36a5cd296b19fecefdeba8c249,1,23,24,True,svd_mean_r8,0.05,0.9009606039195291,0.050242538060127476,0.005627267062664032,0.0011433176696300507,0.004483949393033981,0,10,2766,2,0.750648744404316,0.37885097973048687,08c262c3a1d8d5b5d12f9e4cec01a20231ab564308a7b5266dab21fe51fb46ed
ae101c7f8b800eed7ae750626b2d1db93697b662160356b34e2df60989a3489e,831233efcb2e15eb68f4557a896c6a070376753dd087167ddd296d59281dee3e,4,1,16,False,svd_mean_r8,0.05,0.9134859170632675,0.06677283352472414,-0.14489211098407395,-0.21250354501535185,0.0676114340312779,0,80,32258,10,3.5466964058578014,0.39697921089828014,08c262c3a1d8d5b5d12f9e4cec01a20231ab564308a7b5266dab21fe51fb46ed
ae101c7f8b800eed7ae750626b2d1db93697b662160356b34e2df60989a3489e,9b12f10fa73d981a4308fc651241f0e93bf33411beae1c110cf310bca0776dd4,2,33,36,False,svd_mean_r8,0.05,0.9269936008815082,0.06319218880738381,0.02184321833192371,-0.02176569920266047,0.04360891753458418,0,20,3623,3,0.9022761136293411,0.4047783873975277,08c262c3a1d8d5b5d12f9e4cec01a20231ab564308a7b5266dab21fe51fb46ed
ae101c7f8b800eed7ae750626b2d1db93697b662160356b34e2df60989a3489e,9efb562b2ebd0a8a69e887dd9091ffaee44ff091a80f3340e28ec08673872bb6,1,37,38,True,svd_mean_r8,0.05,0.9162907307677834,0.05466240035507613,-0.03067735582590103,-0.03763476014137268,0.006957404315471649,0,10,5288,2,0.69306630641222,0.4027787856757641,08c262c3a1d8d5b5d12f9e4cec01a20231ab564308a7b5266dab21fe51fb46ed
ae101c7f8b800eed7ae750626b2d1db93697b662160356b34e2df60989a3489e,b2034116721a1c9ecc1fa15e77d141b055fd4d4e4c12779737ad6cc1b29325d0,2,29,32,False,svd_mean_r8,0.05,0.9387474725954417,0.08100415738336768,-0.01819302764488384,-0.05759566294727847,0.03940263530239463,0,20,880,3,0.8239848390221596,0.4003551919013262,08c262c3a1d8d5b5d12f9e4cec01a20231ab564308a7b5266dab21fe51fb46ed
ae101c7f8b800eed7ae750626b2d1db93697b662160356b34e2df60989a3489e,bc85c22e99541f6399cd9093f7de51acac97498d1ffe8c2d4f7562701b65349d,1,9,10,True,svd_mean_r8,0.05,0.9569533218912099,0.08111882932361268,-0.016563677228987217,0.016710961237549782,-0.033274638466537,0,10,696,2,0.5803892053663731,0.40519002825021744,08c262c3a1d8d5b5d12f9e4cec01a20231ab564308a7b5266dab21fe51fb46ed
ae101c7f8b800eed7ae750626b2d1db93697b662160356b34e2df60989a3489e,c4d80ef71742dbedf6d54f1ca6918a20347a24b5fd4bc92974ba441ce96a4e2f,1,11,12,True,svd_mean_r8,0.05,0.9424440169618009,0.11218755784046308,-0.04511642549186945,-0.04538321029394865,0.00026678480207920074,0,10,9200,2,0.9047680404037237,0.4002005234360695,08c262c3a1d8d5b5d12f9e4cec01a20231ab564308a7b5266dab21fe51fb46ed
ae101c7f8b800eed7ae750626b2d1db93697b662160356b34e2df60989a3489e,c68ad33b3997eab723aab56e71bc046d278b975179df40ce2414b056a355dbd3,1,13,14,True,svd_mean_r8,0.05,0.9440335154793923,0.11254589684805846,-0.04133403301239014,-0.0510982908308506,0.009764257818460464,0,10,11365,2,0.9829071145504713,0.39807700365781784,08c262c3a1d8d5b5d12f9e4cec01a20231ab564308a7b5266dab21fe51fb46ed
ae101c7f8b800eed7ae750626b2d1db93697b662160356b34e2df60989a3489e,d05fcbfaa1c7f3d9d2321ceacda63a16df1ea8715457f64da340d3ec70d270b7,3,25,32,False,svd_mean_r8,0.05,0.921392006918129,0.16881799197927322,-0.0214261220923313,-0.018971029048164834,-0.0024550930441664676,0,40,3075,5,1.324573416262865,0.3922828249633312,08c262c3a1d8d5b5d12f9e4cec01a20231ab564308a7b5266dab21fe51fb46ed
ae101c7f8b800eed7ae750626b2d1db93697b662160356b34e2df60989a3489e,d78a48be60f03de3d98576874509787b2d6b86f7d6fb77a9dfbd6c3541a9493e,1,5,6,False,svd_mean_r8,0.05,0.9272551527964988,0.009018642333188673,-0.09767101664328948,-0.07142683626443613,-0.026244180378853343,0,10,1043,2,0.6532175671309233,0.40131776034832,08c262c3a1d8d5b5d12f9e4cec01a20231ab564308a7b5266dab21fe51fb46ed
ae101c7f8b800eed7ae750626b2d1db93697b662160356b34e2df60989a3489e,dc4958ca640784e24adedf85bf25fbc4472926133226bba116da1a21e53f73eb,2,1,4,True,svd_mean_r8,0.05,0.9381139321520958,0.11309034877236084,0.06740629859268665,0.07439956266898662,-0.006993264076299965,0,20,2956,3,0.8519496619701385,0.45385648123919964,08c262c3a1d8d5b5d12f9e4cec01a20231ab564308a7b5266dab21fe51fb46ed
ae101c7f8b800eed7ae750626b2d1db93697b662160356b34e2df60989a3489e,dd7f0228d04beca2a9eb661c4df5a04f10d63006ae1c363bfe1f4b56bdce470f,1,21,22,True,svd_mean_r8,0.05,0.9004564283151031,0.055026707255667176,0.015653252601623535,-0.013031810522079468,0.028685063123703003,0,10,2326,2,0.7069523427635431,0.4155746456235647,08c262c3a1d8d5b5d12f9e4cec01a20231ab564308a7b5266dab21fe51fb46ed
ae101c7f8b800eed7ae750626b2d1db93697b662160356b34e2df60989a3489e,dd802562e95d2e17cbf51e08bd92c703cc4d96dfd390f0e59d95b4c5b59733c3,2,21,24,True,svd_mean_r8,0.05,0.8988994081922328,0.1091699736843706,0.03444712981581688,0.003209266811609268,0.03123786300420761,0,20,5092,3,1.0141627080738544,0.42536209151148796,08c262c3a1d8d5b5d12f9e4cec01a20231ab564308a7b5266dab21fe51fb46ed
ae101c7f8b800eed7ae750626b2d1db93697b662160356b34e2df60989a3489e,df80b9a265f1c4dbbf3c9d7c36eda659b9d4022fbea6961a6d0bd520e44add61,1,35,36,False,svd_mean_r8,0.05,0.935116545558215,0.000651361351819932,-0.16129587872273987,-0.1673427685382194,0.006046889815479517,0,10,3258,2,0.6121421102434397,0.416617464274168,08c262c3a1d8d5b5d12f9e4cec01a20231ab564308a7b5266dab21fe51fb46ed
ae101c7f8b800eed7ae750626b2d1db93697b662160356b34e2df60989a3489e,f1e03f4b15e3ddefa5c719f442675bd70eb496603cccd94be5415b26d708f88a,3,1,8,False,svd_mean_r8,0.05,0.9318393536854822,0.07842956314553642,0.031762691360199824,0.006591630924958736,0.02517106043524109,0,40,4738,5,1.3966188747435808,0.43561941385269165,08c262c3a1d8d5b5d12f9e4cec01a20231ab564308a7b5266dab21fe51fb46ed
f6efd136ccfdc34cc5e3b54607f1802f063a986aa0c678d5c8b92e7da2d34457,0120004419d6d9182c9bf7dc7d01fcc89c2fab04eb0e2f667a4a1c256ada759f,2,17,20,True,core_tsv_r8,0.05,0.8821013255671203,0.07489520244108294,1.2077089603990316,0.9996325392276049,0.20807642117142677,16,20,8752,3,1.1081908121705055,0.49700694158673286,6d33e7dbc75893145514b2c5851cb322b879bee0974ee6f8e143dd526b42349d
f6efd136ccfdc34cc5e3b54607f1802f063a986aa0c678d5c8b92e7da2d34457,01ada171ec9092e472bb5a8342664ad666c7da1ed459e1b3d7c5b4183bdadfe6,1,15,16,False,core_tsv_r8,0.05,0.9319868637908522,0.0019662090244575194,0.4573792233131826,0.37050188751891255,0.08687733579427004,16,10,6259,2,0.8565368913114071,0.49707269854843616,6d33e7dbc75893145514b2c5851cb322b879bee0974ee6f8e143dd526b42349d
f6efd136ccfdc34cc5e3b54607f1802f063a986aa0c678d5c8b92e7da2d34457,0745f6fa4971e52bc0748f19de77f0f705061d0b0e11e19e0c884fd6e2eaddb4,1,1,2,True,core_tsv_r8,0.05,0.9144776466334994,0.06065724301714732,0.07624151045456529,0.035381394787691534,0.04086011566687375,16,10,1420,2,0.5696267616003752,0.5513091459870338,6d33e7dbc75893145514b2c5851cb322b879bee0974ee6f8e143dd526b42349d
f6efd136ccfdc34cc5e3b54607f1802f063a986aa0c678d5c8b92e7da2d34457,17903bc836d8ba50b43430c97fedaa2cc578e7cc2f448a227d5cfc5bb0581fcd,3,9,16,False,core_tsv_r8,0.05,0.8242579191072761,0.10255098445403846,1.4290702554086847,0.887553422401349,0.5415168330073357,16,40,27520,5,2.267429793253541,0.5482136681675911,6d33e7dbc75893145514b2c5851cb322b879bee0974ee6f8e143dd526b42349d
f6efd136ccfdc34cc5e3b54607f1802f063a986aa0c678d5c8b92e7da2d34457,1d39607e63fa78261f1d172ed38d6a6e84d7e36aa538509899460baa5df69d23,1,27,28,True,core_tsv_r8,0.05,0.947847052464677,0.06390536151398443,0.605824634549208,0.4486751073272899,0.1571495272219181,16,10,560,2,0.6668229978531599,0.4797480572015047,6d33e7dbc75893145514b2c5851cb322b879bee0974ee6f8e143dd526b42349d
f6efd136ccfdc34cc5e3b54607f1802f063a986aa0c678d5c8b92e7da2d34457,27adcbaca6c70de0c993a2a53a1f52237465b808dd9e083cc65da462139d6786,1,19,20,True,core_tsv_r8,0.05,0.920115862084236,0.05955816374318385,0.707430612295866,0.5921790562570095,0.1152515560388565,16,10,4278,2,0.7925767879933119,0.5634067114442587,6d33e7dbc75893145514b2c5851cb322b879bee0974ee6f8e143dd526b42349d
f6efd136ccfdc34cc5e3b54607f1802f063a986aa0c678d5c8b92e7da2d34457,2c6db93757974a4ef9066ede8feb683f1c5e222d74e317979a3a151f045992b6,2,25,28,False,core_tsv_r8,0.05,0.8840543729938652,0.06165197542866564,1.465648035518825,0.9669384313747287,0.4987096041440964,16,20,2195,3,0.8754944689571857,0.5618821959942579,6d33e7dbc75893145514b2c5851cb322b879bee0974ee6f8e143dd526b42349d
f6efd136ccfdc34cc5e3b54607f1802f063a986aa0c678d5c8b92e7da2d34457,31f32c9500cad0c67c045dd5ee862d32d65a71ae6f1f6b49cbbdc542e1a65f11,1,7,8,True,core_tsv_r8,0.05,0.9319846719006475,0.0775689109509388,0.09785566851496696,0.06387359648942947,0.03398207202553749,16,10,739,2,0.6530270371586084,0.49734433367848396,6d33e7dbc75893145514b2c5851cb322b879bee0974ee6f8e143dd526b42349d
f6efd136ccfdc34cc5e3b54607f1802f063a986aa0c678d5c8b92e7da2d34457,3268eb5e058af87379c0b0aa52a2b217228642bcb1daf383b7a48947b01cda74,1,31,32,True,core_tsv_r8,0.05,0.9478522855978264,0.07297681314247377,0.15225052851019427,0.010849699086975306,0.14140082942321897,16,10,416,2,0.6535159945487976,0.4755587372928858,6d33e7dbc75893145514b2c5851cb322b879bee0974ee6f8e143dd526b42349d
f6efd136ccfdc34cc5e3b54607f1802f063a986aa0c678d5c8b92e7da2d34457,41b93a772df39c1f62c5102bd843077e53a00f6455f9e6a8e076d8e41cf9dbf0,2,13,16,False,core_tsv_r8,0.05,0.9005891397224023,0.09203275322881492,0.6036776546388865,0.5373890977352858,0.06628855690360069,16,20,17624,3,1.4573557693511248,0.5032575707882643,6d33e7dbc75893145514b2c5851cb322b879bee0974ee6f8e143dd526b42349d
f6efd136ccfdc34cc5e3b54607f1802f063a986aa0c678d5c8b92e7da2d34457,43132f6a2dbb904542b9be65f7f3134e43f57b3b88035b83885dea7243114432,1,3,4,True,core_tsv_r8,0.05,0.9093588745120537,0.055455170033231437,0.10045757424086332,0.022208249662071466,0.07824932457879186,16,10,1536,2,0.7266923151910305,0.5102959554642439,6d33e7dbc75893145514b2c5851cb322b879bee0974ee6f8e143dd526b42349d
f6efd136ccfdc34cc5e3b54607f1802f063a986aa0c678d5c8b92e7da2d34457,47a1b0022fc1f6941637d400a3dfc547e7aca79629a175bd136aae7439b89537,1,17,18,True,core_tsv_r8,0.05,0.9273176853265758,0.06578648059853473,0.679316196590662,0.5635306891053915,0.1157855074852705,16,10,4474,2,0.7654599361121655,0.5327486172318459,6d33e7dbc75893145514b2c5851cb322b879bee0974ee6f8e143dd526b42349d
f6efd136ccfdc34cc5e3b54607f1802f063a986aa0c678d5c8b92e7da2d34457,4bdb7b41d4d17f5e16d516d27a7da1fa545642faa8a309d99017dda2a6df808e,2,9,12,False,core_tsv_r8,0.05,0.8925652100279481,0.0021145501477020582,2.3036004207096994,1.5649034357629716,0.7386969849467278,16,20,9896,3,1.1887083109468222,0.522085526958108,6d33e7dbc75893145514b2c5851cb322b879bee0974ee6f8e143dd526b42349d
f6efd136ccfdc34cc5e3b54607f1802f063a986aa0c678d5c8b92e7da2d34457,579daa4083af565af0228b0422403b9cb8cd7d2eb6a11073ad6a6da6177c78d7,1,29,30,True,core_tsv_r8,0.05,0.9503362410272345,0.06966824021752985,0.3690897524356842,0.14790834207087755,0.22118141036480665,16,10,464,2,0.6832920964807272,0.5093963239341974,6d33e7dbc75893145514b2c5851cb322b879bee0974ee6f8e143dd526b42349d
f6efd136ccfdc34cc5e3b54607f1802f063a986aa0c678d5c8b92e7da2d34457,619dd99f9be6af638bc99c9d6ac7b095d81e6822159cdce7c3c50ecba2e189ef,1,33,34,True,core_tsv_r8,0.05,0.946732337954223,0.07423928949059382,0.04794461888377555,0.03631444068741985,0.0116301781963557,16,10,365,2,0.7600802518427372,0.5127824544906616,6d33e7dbc75893145514b2c5851cb322b879bee0974ee6f8e143dd526b42349d
f6efd136ccfdc34cc5e3b54607f1802f063a986aa0c678d5c8b92e7da2d34457,650f23a261ea23e511b3153fb6e2d826b06ebea231f131c64b9a38355791bd2c,3,17,24,False,core_tsv_r8,0.05,0.7989155912108767,0.002944111759531763,0.2771681845188141,0.19269432500004768,0.0844738595187664,16,40,13844,5,1.7734649404883385,0.560157060623169,6d33e7dbc75893145514b2c5851cb322b879bee0974ee6f8e143dd526b42349d
f6efd136ccfdc34cc5e3b54607f1802f063a986aa0c678d5c8b92e7da2d34457,6c5f1585c41e7075e871f7adfde75d89fdec84b294a4e78a3ddf838ccd6e74bb,1,25,26,False,core_tsv_r8,0.05,0.9238800808602143,0.003818561291125566,0.44775646984635387,0.3037371827667812,0.14401928707957268,16,10,1635,2,0.6544128265231848,0.5195171535015106,6d33e7dbc75893145514b2c5851cb322b879bee0974ee6f8e143dd526b42349d
f6efd136ccfdc34cc5e3b54607f1802f063a986aa0c678d5c8b92e7da2d34457,732d05fd02dc1d0f785f7be1aea87536e1d29d9ed3f6286634c0499f5442df89,2,5,8,False,core_tsv_r8,0.05,0.8693710761897954,0.06613159274239633,3.2239879646804184,1.7920274601783603,1.431960504502058,16,20,1782,3,0.8933527879416943,0.5975242014974356,6d33e7dbc75893145514b2c5851cb322b879bee0974ee6f8e143dd526b42349d
f6efd136ccfdc34cc5e3b54607f1802f063a986aa0c678d5c8b92e7da2d34457,77274d05894a0c90f13f165e9ee95a1960266c36a5cd296b19fecefdeba8c249,1,23,24,True,core_tsv_r8,0.05,0.8841971421599288,0.050242538060127476,0.15809907019138336,0.1411951705813408,0.016903899610042572,16,10,2766,2,0.7288188226521015,0.51118846796453,6d33e7dbc75893145514b2c5851cb322b879bee0974ee6f8e143dd526b42349d
f6efd136ccfdc34cc5e3b54607f1802f063a986aa0c678d5c8b92e7da2d34457,831233efcb2e15eb68f4557a896c6a070376753dd087167ddd296d59281dee3e,4,1,16,False,core_tsv_r8,0.05,0.7266427861716657,0.07921009689854326,1.4889898672699928,-0.05397873930633068,1.5429686065763235,16,80,32258,10,3.3527303375303745,0.5093105845153332,6d33e7dbc75893145514b2c5851cb322b879bee0974ee6f8e143dd526b42349d
f6efd136ccfdc34cc5e3b54607f1802f063a986aa0c678d5c8b92e7da2d34457,9b12f10fa73d981a4308fc651241f0e93bf33411beae1c110cf310bca0776dd4,2,33,36,False,core_tsv_r8,0.05,0.8822750351605684,0.04873083253633018,1.130303505808115,0.6379126124083996,0.4923908933997154,16,20,3623,3,0.9369329158216715,0.4965616222470999,6d33e7dbc75893145514b2c5851cb322b879bee0974ee6f8e143dd526b42349d
f6efd136ccfdc34cc5e3b54607f1802f063a986aa0c678d5c8b92e7da2d34457,9efb562b2ebd0a8a69e887dd9091ffaee44ff091a80f3340e28ec08673872bb6,1,37,38,True,core_tsv_r8,0.05,0.9063601343115056,0.05466240035507613,-0.021524958312511444,-0.03932520002126694,0.017800241708755493,16,10,5288,2,0.7019568104296923,0.5079848095774651,6d33e7dbc75893145514b2c5851cb322b879bee0974ee6f8e143dd526b42349d
f6efd136ccfdc34cc5e3b54607f1802f063a986aa0c678d5c8b92e7da2d34457,b2034116721a1c9ecc1fa15e77d141b055fd4d4e4c12779737ad6cc1b29325d0,2,29,32,False,core_tsv_r8,0.05,0.8913250166253718,0.04859927471077902,2.237255524843931,1.2537553310394287,0.9835001938045025,16,20,880,3,0.8383219558745623,0.4723143186420202,6d33e7dbc75893145514b2c5851cb322b879bee0974ee6f8e143dd526b42349d
f6efd136ccfdc34cc5e3b54607f1802f063a986aa0c678d5c8b92e7da2d34457,bc85c22e99541f6399cd9093f7de51acac97498d1ffe8c2d4f7562701b65349d,1,9,10,True,core_tsv_r8,0.05,0.9330232731857716,0.08111882932361268,-0.004938664846122265,0.0424842918291688,-0.04742295667529106,16,10,696,2,0.548566335812211,0.5174032002687454,6d33e7dbc75893145514b2c5851cb322b879bee0974ee6f8e143dd526b42349d
f6efd136ccfdc34cc5e3b54607f1802f063a986aa0c678d5c8b92e7da2d34457,c4d80ef71742dbedf6d54f1ca6918a20347a24b5fd4bc92974ba441ce96a4e2f,1,11,12,True,core_tsv_r8,0.05,0.9325764979475932,0.11218755784046308,0.2613510424271226,0.22349605802446604,0.037854984402656555,16,10,9200,2,0.9300378281623125,0.47437910735607147,6d33e7dbc75893145514b2c5851cb322b879bee0974ee6f8e143dd526b42349d
f6efd136ccfdc34cc5e3b54607f1802f063a986aa0c678d5c8b92e7da2d34457,c68ad33b3997eab723aab56e71bc046d278b975179df40ce2414b056a355dbd3,1,13,14,True,core_tsv_r8,0.05,0.9335957384937016,0.11254589684805846,0.2535632411018014,0.21432583685964346,0.039237404242157936,16,10,11365,2,1.0339931417256594,0.49716355837881565,6d33e7dbc75893145514b2c5851cb322b879bee0974ee6f8e143dd526b42349d
f6efd136ccfdc34cc5e3b54607f1802f063a986aa0c678d5c8b92e7da2d34457,d05fcbfaa1c7f3d9d2321ceacda63a16df1ea8715457f64da340d3ec70d270b7,3,25,32,False,core_tsv_r8,0.05,0.8055133292690339,0.09757813597849957,2.07551666845878,1.2674384837349257,0.8080781847238541,16,40,3075,5,1.388974728062749,0.5277681015431881,6d33e7dbc75893145514b2c5851cb322b879bee0974ee6f8e143dd526b42349d
f6efd136ccfdc34cc5e3b54607f1802f063a986aa0c678d5c8b92e7da2d34457,d78a48be60f03de3d98576874509787b2d6b86f7d6fb77a9dfbd6c3541a9493e,1,5,6,False,core_tsv_r8,0.05,0.9236141486713386,0.009018642333188673,0.1565338575746864,-0.011517199920490384,0.1680510574951768,16,10,1043,2,0.6879158411175013,0.4809543788433075,6d33e7dbc75893145514b2c5851cb322b879bee0974ee6f8e143dd526b42349d
f6efd136ccfdc34cc5e3b54607f1802f063a986aa0c678d5c8b92e7da2d34457,dc4958ca640784e24adedf85bf25fbc4472926133226bba116da1a21e53f73eb,2,1,4,True,core_tsv_r8,0.05,0.8533299348196874,0.062468276440073904,0.8712092339992523,0.19087411649525166,0.6803351175040007,16,20,2956,3,0.8734937887638807,0.5410326663404703,6d33e7dbc75893145514b2c5851cb322b879bee0974ee6f8e143dd526b42349d
f6efd136ccfdc34cc5e3b54607f1802f063a986aa0c678d5c8b92e7da2d34457,dd7f0228d04beca2a9eb661c4df5a04f10d63006ae1c363bfe1f4b56bdce470f,1,21,22,True,core_tsv_r8,0.05,0.8783429953151327,0.055026707255667176,0.17185290902853012,0.13303448259830475,0.03881842643022537,16,10,2326,2,0.6028391160070896,0.604529483243823,6d33e7dbc75893145514b2c5851cb322b879bee0974ee6f8e143dd526b42349d
f6efd136ccfdc34cc5e3b54607f1802f063a986aa0c678d5c8b92e7da2d34457,dd802562e95d2e17cbf51e08bd92c703cc4d96dfd390f0e59d95b4c5b59733c3,2,21,24,True,core_tsv_r8,0.05,0.8229371536910255,0.06802863145216281,0.362970195710659,0.27296844869852066,0.09000174701213837,16,20,5092,3,0.87682812102139,0.4958824943751097,6d33e7dbc75893145514b2c5851cb322b879bee0974ee6f8e143dd526b42349d
f6efd136ccfdc34cc5e3b54607f1802f063a986aa0c678d5c8b92e7da2d34457,df80b9a265f1c4dbbf3c9d7c36eda659b9d4022fbea6961a6d0bd520e44add61,1,35,36,False,core_tsv_r8,0.05,0.9332709578792708,0.000651361351819932,0.09492118515481707,0.008584663723013364,0.0863365214318037,16,10,3258,2,0.848580913618207,0.4812480825930834,6d33e7dbc75893145514b2c5851cb322b879bee0974ee6f8e143dd526b42349d
f6efd136ccfdc34cc5e3b54607f1802f063a986aa0c678d5c8b92e7da2d34457,f1e03f4b15e3ddefa5c719f442675bd70eb496603cccd94be5415b26d708f88a,3,1,8,False,core_tsv_r8,0.05,0.7842229982558452,0.05502454587106324,4.081185191869736,2.124487068504095,1.9566981233656406,16,40,4738,5,1.4330832082778215,0.5583455376327038,6d33e7dbc75893145514b2c5851cb322b879bee0974ee6f8e143dd526b42349d
