condition,policy_hash,split,router,stage,task_index,task,score
vamp_svd_r8_repair000,1e51d2973353ad68f99979f822cde7713401e16b4f79106bc90c540e0e18c8c7,test,answer_oracle,1,1,C-STANCE,62.0
vamp_svd_r8_repair000,1e51d2973353ad68f99979f822cde7713401e16b4f79106bc90c540e0e18c8c7,test,frozen_prompt_centroid,1,1,C-STANCE,51.0
vamp_svd_r8_repair000,1e51d2973353ad68f99979f822cde7713401e16b4f79106bc90c540e0e18c8c7,test,prompt_nll,1,1,C-STANCE,0.0
vamp_svd_r8_repair000,1e51d2973353ad68f99979f822cde7713401e16b4f79106bc90c540e0e18c8c7,test,task_aware,1,1,C-STANCE,53.0
vamp_svd_r8_repair000,1e51d2973353ad68f99979f822cde7713401e16b4f79106bc90c540e0e18c8c7,validation,answer_oracle,1,1,C-STANCE,44.0
vamp_svd_r8_repair000,1e51d2973353ad68f99979f822cde7713401e16b4f79106bc90c540e0e18c8c7,validation,frozen_prompt_centroid,1,1,C-STANCE,36.0
vamp_svd_r8_repair000,1e51d2973353ad68f99979f822cde7713401e16b4f79106bc90c540e0e18c8c7,validation,prompt_nll,1,1,C-STANCE,1.0
vamp_svd_r8_repair000,1e51d2973353ad68f99979f822cde7713401e16b4f79106bc90c540e0e18c8c7,validation,task_aware,1,1,C-STANCE,40.0
vamp_svd_r8_repair000,1e51d2973353ad68f99979f822cde7713401e16b4f79106bc90c540e0e18c8c7,test,answer_oracle,2,1,C-STANCE,69.0
vamp_svd_r8_repair000,1e51d2973353ad68f99979f822cde7713401e16b4f79106bc90c540e0e18c8c7,test,frozen_prompt_centroid,2,1,C-STANCE,56.0
vamp_svd_r8_repair000,1e51d2973353ad68f99979f822cde7713401e16b4f79106bc90c540e0e18c8c7,test,prompt_nll,2,1,C-STANCE,5.0
vamp_svd_r8_repair000,1e51d2973353ad68f99979f822cde7713401e16b4f79106bc90c540e0e18c8c7,test,task_aware,2,1,C-STANCE,56.0
vamp_svd_r8_repair000,1e51d2973353ad68f99979f822cde7713401e16b4f79106bc90c540e0e18c8c7,validation,answer_oracle,2,1,C-STANCE,51.0
vamp_svd_r8_repair000,1e51d2973353ad68f99979f822cde7713401e16b4f79106bc90c540e0e18c8c7,validation,frozen_prompt_centroid,2,1,C-STANCE,40.0
vamp_svd_r8_repair000,1e51d2973353ad68f99979f822cde7713401e16b4f79106bc90c540e0e18c8c7,validation,prompt_nll,2,1,C-STANCE,3.0
vamp_svd_r8_repair000,1e51d2973353ad68f99979f822cde7713401e16b4f79106bc90c540e0e18c8c7,validation,task_aware,2,1,C-STANCE,40.0
vamp_svd_r8_repair000,1e51d2973353ad68f99979f822cde7713401e16b4f79106bc90c540e0e18c8c7,test,answer_oracle,3,1,C-STANCE,50.0
vamp_svd_r8_repair000,1e51d2973353ad68f99979f822cde7713401e16b4f79106bc90c540e0e18c8c7,test,frozen_prompt_centroid,3,1,C-STANCE,49.0
vamp_svd_r8_repair000,1e51d2973353ad68f99979f822cde7713401e16b4f79106bc90c540e0e18c8c7,test,prompt_nll,3,1,C-STANCE,6.0
vamp_svd_r8_repair000,1e51d2973353ad68f99979f822cde7713401e16b4f79106bc90c540e0e18c8c7,test,task_aware,3,1,C-STANCE,49.0
vamp_svd_r8_repair000,1e51d2973353ad68f99979f822cde7713401e16b4f79106bc90c540e0e18c8c7,validation,answer_oracle,3,1,C-STANCE,39.0
vamp_svd_r8_repair000,1e51d2973353ad68f99979f822cde7713401e16b4f79106bc90c540e0e18c8c7,validation,frozen_prompt_centroid,3,1,C-STANCE,38.0
vamp_svd_r8_repair000,1e51d2973353ad68f99979f822cde7713401e16b4f79106bc90c540e0e18c8c7,validation,prompt_nll,3,1,C-STANCE,3.0
vamp_svd_r8_repair000,1e51d2973353ad68f99979f822cde7713401e16b4f79106bc90c540e0e18c8c7,validation,task_aware,3,1,C-STANCE,38.0
vamp_svd_r8_repair000,1e51d2973353ad68f99979f822cde7713401e16b4f79106bc90c540e0e18c8c7,test,answer_oracle,4,1,C-STANCE,50.0
vamp_svd_r8_repair000,1e51d2973353ad68f99979f822cde7713401e16b4f79106bc90c540e0e18c8c7,test,frozen_prompt_centroid,4,1,C-STANCE,49.0
vamp_svd_r8_repair000,1e51d2973353ad68f99979f822cde7713401e16b4f79106bc90c540e0e18c8c7,test,prompt_nll,4,1,C-STANCE,4.0
vamp_svd_r8_repair000,1e51d2973353ad68f99979f822cde7713401e16b4f79106bc90c540e0e18c8c7,test,task_aware,4,1,C-STANCE,49.0
vamp_svd_r8_repair000,1e51d2973353ad68f99979f822cde7713401e16b4f79106bc90c540e0e18c8c7,validation,answer_oracle,4,1,C-STANCE,39.0
vamp_svd_r8_repair000,1e51d2973353ad68f99979f822cde7713401e16b4f79106bc90c540e0e18c8c7,validation,frozen_prompt_centroid,4,1,C-STANCE,38.0
vamp_svd_r8_repair000,1e51d2973353ad68f99979f822cde7713401e16b4f79106bc90c540e0e18c8c7,validation,prompt_nll,4,1,C-STANCE,2.0
vamp_svd_r8_repair000,1e51d2973353ad68f99979f822cde7713401e16b4f79106bc90c540e0e18c8c7,validation,task_aware,4,1,C-STANCE,38.0
vamp_svd_r8_repair000,1e51d2973353ad68f99979f822cde7713401e16b4f79106bc90c540e0e18c8c7,test,answer_oracle,4,2,FOMC,41.0
vamp_svd_r8_repair000,1e51d2973353ad68f99979f822cde7713401e16b4f79106bc90c540e0e18c8c7,test,frozen_prompt_centroid,4,2,FOMC,25.0
vamp_svd_r8_repair000,1e51d2973353ad68f99979f822cde7713401e16b4f79106bc90c540e0e18c8c7,test,prompt_nll,4,2,FOMC,0.0
vamp_svd_r8_repair000,1e51d2973353ad68f99979f822cde7713401e16b4f79106bc90c540e0e18c8c7,test,task_aware,4,2,FOMC,25.0
vamp_svd_r8_repair000,1e51d2973353ad68f99979f822cde7713401e16b4f79106bc90c540e0e18c8c7,validation,answer_oracle,4,2,FOMC,46.0
vamp_svd_r8_repair000,1e51d2973353ad68f99979f822cde7713401e16b4f79106bc90c540e0e18c8c7,validation,frozen_prompt_centroid,4,2,FOMC,27.0
vamp_svd_r8_repair000,1e51d2973353ad68f99979f822cde7713401e16b4f79106bc90c540e0e18c8c7,validation,prompt_nll,4,2,FOMC,0.0
vamp_svd_r8_repair000,1e51d2973353ad68f99979f822cde7713401e16b4f79106bc90c540e0e18c8c7,validation,task_aware,4,2,FOMC,27.0
vamp_svd_r8_repair000,1e51d2973353ad68f99979f822cde7713401e16b4f79106bc90c540e0e18c8c7,test,answer_oracle,4,4,Py150,62.92
vamp_svd_r8_repair000,1e51d2973353ad68f99979f822cde7713401e16b4f79106bc90c540e0e18c8c7,test,frozen_prompt_centroid,4,4,Py150,54.17
vamp_svd_r8_repair000,1e51d2973353ad68f99979f822cde7713401e16b4f79106bc90c540e0e18c8c7,test,prompt_nll,4,4,Py150,7.53
vamp_svd_r8_repair000,1e51d2973353ad68f99979f822cde7713401e16b4f79106bc90c540e0e18c8c7,test,task_aware,4,4,Py150,55.39
vamp_svd_r8_repair000,1e51d2973353ad68f99979f822cde7713401e16b4f79106bc90c540e0e18c8c7,validation,answer_oracle,4,4,Py150,63.05
vamp_svd_r8_repair000,1e51d2973353ad68f99979f822cde7713401e16b4f79106bc90c540e0e18c8c7,validation,frozen_prompt_centroid,4,4,Py150,52.15
vamp_svd_r8_repair000,1e51d2973353ad68f99979f822cde7713401e16b4f79106bc90c540e0e18c8c7,validation,prompt_nll,4,4,Py150,6.48
vamp_svd_r8_repair000,1e51d2973353ad68f99979f822cde7713401e16b4f79106bc90c540e0e18c8c7,validation,task_aware,4,4,Py150,54.04
vamp_svd_r8_repair000,1e51d2973353ad68f99979f822cde7713401e16b4f79106bc90c540e0e18c8c7,test,answer_oracle,5,2,FOMC,31.0
vamp_svd_r8_repair000,1e51d2973353ad68f99979f822cde7713401e16b4f79106bc90c540e0e18c8c7,test,frozen_prompt_centroid,5,2,FOMC,16.0
vamp_svd_r8_repair000,1e51d2973353ad68f99979f822cde7713401e16b4f79106bc90c540e0e18c8c7,test,prompt_nll,5,2,FOMC,9.0
vamp_svd_r8_repair000,1e51d2973353ad68f99979f822cde7713401e16b4f79106bc90c540e0e18c8c7,test,task_aware,5,2,FOMC,21.0
vamp_svd_r8_repair000,1e51d2973353ad68f99979f822cde7713401e16b4f79106bc90c540e0e18c8c7,validation,answer_oracle,5,2,FOMC,44.0
vamp_svd_r8_repair000,1e51d2973353ad68f99979f822cde7713401e16b4f79106bc90c540e0e18c8c7,validation,frozen_prompt_centroid,5,2,FOMC,24.0
vamp_svd_r8_repair000,1e51d2973353ad68f99979f822cde7713401e16b4f79106bc90c540e0e18c8c7,validation,prompt_nll,5,2,FOMC,13.0
vamp_svd_r8_repair000,1e51d2973353ad68f99979f822cde7713401e16b4f79106bc90c540e0e18c8c7,validation,task_aware,5,2,FOMC,26.0
vamp_svd_r8_repair000,1e51d2973353ad68f99979f822cde7713401e16b4f79106bc90c540e0e18c8c7,test,answer_oracle,5,3,MeetingBank,32.97158017972047
vamp_svd_r8_repair000,1e51d2973353ad68f99979f822cde7713401e16b4f79106bc90c540e0e18c8c7,test,frozen_prompt_centroid,5,3,MeetingBank,29.345207686663375
vamp_svd_r8_repair000,1e51d2973353ad68f99979f822cde7713401e16b4f79106bc90c540e0e18c8c7,test,prompt_nll,5,3,MeetingBank,18.861536312744192
vamp_svd_r8_repair000,1e51d2973353ad68f99979f822cde7713401e16b4f79106bc90c540e0e18c8c7,test,task_aware,5,3,MeetingBank,29.345207686663375
vamp_svd_r8_repair000,1e51d2973353ad68f99979f822cde7713401e16b4f79106bc90c540e0e18c8c7,validation,answer_oracle,5,3,MeetingBank,30.149911228807838
vamp_svd_r8_repair000,1e51d2973353ad68f99979f822cde7713401e16b4f79106bc90c540e0e18c8c7,validation,frozen_prompt_centroid,5,3,MeetingBank,26.46747347774444
vamp_svd_r8_repair000,1e51d2973353ad68f99979f822cde7713401e16b4f79106bc90c540e0e18c8c7,validation,prompt_nll,5,3,MeetingBank,18.14216595507022
vamp_svd_r8_repair000,1e51d2973353ad68f99979f822cde7713401e16b4f79106bc90c540e0e18c8c7,validation,task_aware,5,3,MeetingBank,26.46747347774444
vamp_svd_r8_repair000,1e51d2973353ad68f99979f822cde7713401e16b4f79106bc90c540e0e18c8c7,test,answer_oracle,6,2,FOMC,34.0
vamp_svd_r8_repair000,1e51d2973353ad68f99979f822cde7713401e16b4f79106bc90c540e0e18c8c7,test,frozen_prompt_centroid,6,2,FOMC,14.0
vamp_svd_r8_repair000,1e51d2973353ad68f99979f822cde7713401e16b4f79106bc90c540e0e18c8c7,test,prompt_nll,6,2,FOMC,8.0
vamp_svd_r8_repair000,1e51d2973353ad68f99979f822cde7713401e16b4f79106bc90c540e0e18c8c7,test,task_aware,6,2,FOMC,22.0
vamp_svd_r8_repair000,1e51d2973353ad68f99979f822cde7713401e16b4f79106bc90c540e0e18c8c7,validation,answer_oracle,6,2,FOMC,44.0
vamp_svd_r8_repair000,1e51d2973353ad68f99979f822cde7713401e16b4f79106bc90c540e0e18c8c7,validation,frozen_prompt_centroid,6,2,FOMC,21.0
vamp_svd_r8_repair000,1e51d2973353ad68f99979f822cde7713401e16b4f79106bc90c540e0e18c8c7,validation,prompt_nll,6,2,FOMC,11.0
vamp_svd_r8_repair000,1e51d2973353ad68f99979f822cde7713401e16b4f79106bc90c540e0e18c8c7,validation,task_aware,6,2,FOMC,25.0
vamp_svd_r8_repair000,1e51d2973353ad68f99979f822cde7713401e16b4f79106bc90c540e0e18c8c7,test,answer_oracle,6,3,MeetingBank,33.04090097505425
vamp_svd_r8_repair000,1e51d2973353ad68f99979f822cde7713401e16b4f79106bc90c540e0e18c8c7,test,frozen_prompt_centroid,6,3,MeetingBank,29.689649224932918
vamp_svd_r8_repair000,1e51d2973353ad68f99979f822cde7713401e16b4f79106bc90c540e0e18c8c7,test,prompt_nll,6,3,MeetingBank,18.723021734981977
vamp_svd_r8_repair000,1e51d2973353ad68f99979f822cde7713401e16b4f79106bc90c540e0e18c8c7,test,task_aware,6,3,MeetingBank,29.689649224932918
vamp_svd_r8_repair000,1e51d2973353ad68f99979f822cde7713401e16b4f79106bc90c540e0e18c8c7,validation,answer_oracle,6,3,MeetingBank,30.351182453003442
vamp_svd_r8_repair000,1e51d2973353ad68f99979f822cde7713401e16b4f79106bc90c540e0e18c8c7,validation,frozen_prompt_centroid,6,3,MeetingBank,26.92745051727867
vamp_svd_r8_repair000,1e51d2973353ad68f99979f822cde7713401e16b4f79106bc90c540e0e18c8c7,validation,prompt_nll,6,3,MeetingBank,19.15456882321738
vamp_svd_r8_repair000,1e51d2973353ad68f99979f822cde7713401e16b4f79106bc90c540e0e18c8c7,validation,task_aware,6,3,MeetingBank,26.92745051727867
vamp_svd_r8_repair000,1e51d2973353ad68f99979f822cde7713401e16b4f79106bc90c540e0e18c8c7,test,answer_oracle,6,6,NumGLUE-cm,40.74074074074074
vamp_svd_r8_repair000,1e51d2973353ad68f99979f822cde7713401e16b4f79106bc90c540e0e18c8c7,test,frozen_prompt_centroid,6,6,NumGLUE-cm,19.753086419753085
vamp_svd_r8_repair000,1e51d2973353ad68f99979f822cde7713401e16b4f79106bc90c540e0e18c8c7,test,prompt_nll,6,6,NumGLUE-cm,9.876543209876543
vamp_svd_r8_repair000,1e51d2973353ad68f99979f822cde7713401e16b4f79106bc90c540e0e18c8c7,test,task_aware,6,6,NumGLUE-cm,22.22222222222222
vamp_svd_r8_repair000,1e51d2973353ad68f99979f822cde7713401e16b4f79106bc90c540e0e18c8c7,validation,answer_oracle,6,6,NumGLUE-cm,56.09756097560975
vamp_svd_r8_repair000,1e51d2973353ad68f99979f822cde7713401e16b4f79106bc90c540e0e18c8c7,validation,frozen_prompt_centroid,6,6,NumGLUE-cm,39.02439024390244
vamp_svd_r8_repair000,1e51d2973353ad68f99979f822cde7713401e16b4f79106bc90c540e0e18c8c7,validation,prompt_nll,6,6,NumGLUE-cm,9.75609756097561
vamp_svd_r8_repair000,1e51d2973353ad68f99979f822cde7713401e16b4f79106bc90c540e0e18c8c7,validation,task_aware,6,6,NumGLUE-cm,36.58536585365854
vamp_svd_r8_repair000,1e51d2973353ad68f99979f822cde7713401e16b4f79106bc90c540e0e18c8c7,test,answer_oracle,7,1,C-STANCE,49.0
vamp_svd_r8_repair000,1e51d2973353ad68f99979f822cde7713401e16b4f79106bc90c540e0e18c8c7,test,frozen_prompt_centroid,7,1,C-STANCE,47.0
vamp_svd_r8_repair000,1e51d2973353ad68f99979f822cde7713401e16b4f79106bc90c540e0e18c8c7,test,prompt_nll,7,1,C-STANCE,5.0
vamp_svd_r8_repair000,1e51d2973353ad68f99979f822cde7713401e16b4f79106bc90c540e0e18c8c7,test,task_aware,7,1,C-STANCE,47.0
vamp_svd_r8_repair000,1e51d2973353ad68f99979f822cde7713401e16b4f79106bc90c540e0e18c8c7,validation,answer_oracle,7,1,C-STANCE,35.0
vamp_svd_r8_repair000,1e51d2973353ad68f99979f822cde7713401e16b4f79106bc90c540e0e18c8c7,validation,frozen_prompt_centroid,7,1,C-STANCE,35.0
vamp_svd_r8_repair000,1e51d2973353ad68f99979f822cde7713401e16b4f79106bc90c540e0e18c8c7,validation,prompt_nll,7,1,C-STANCE,4.0
vamp_svd_r8_repair000,1e51d2973353ad68f99979f822cde7713401e16b4f79106bc90c540e0e18c8c7,validation,task_aware,7,1,C-STANCE,35.0
vamp_svd_r8_repair000,1e51d2973353ad68f99979f822cde7713401e16b4f79106bc90c540e0e18c8c7,test,answer_oracle,7,2,FOMC,30.0
vamp_svd_r8_repair000,1e51d2973353ad68f99979f822cde7713401e16b4f79106bc90c540e0e18c8c7,test,frozen_prompt_centroid,7,2,FOMC,0.0
vamp_svd_r8_repair000,1e51d2973353ad68f99979f822cde7713401e16b4f79106bc90c540e0e18c8c7,test,prompt_nll,7,2,FOMC,0.0
vamp_svd_r8_repair000,1e51d2973353ad68f99979f822cde7713401e16b4f79106bc90c540e0e18c8c7,test,task_aware,7,2,FOMC,24.0
vamp_svd_r8_repair000,1e51d2973353ad68f99979f822cde7713401e16b4f79106bc90c540e0e18c8c7,validation,answer_oracle,7,2,FOMC,30.0
vamp_svd_r8_repair000,1e51d2973353ad68f99979f822cde7713401e16b4f79106bc90c540e0e18c8c7,validation,frozen_prompt_centroid,7,2,FOMC,0.0
vamp_svd_r8_repair000,1e51d2973353ad68f99979f822cde7713401e16b4f79106bc90c540e0e18c8c7,validation,prompt_nll,7,2,FOMC,0.0
vamp_svd_r8_repair000,1e51d2973353ad68f99979f822cde7713401e16b4f79106bc90c540e0e18c8c7,validation,task_aware,7,2,FOMC,26.0
vamp_svd_r8_repair000,1e51d2973353ad68f99979f822cde7713401e16b4f79106bc90c540e0e18c8c7,test,answer_oracle,7,3,MeetingBank,26.07136662239805
vamp_svd_r8_repair000,1e51d2973353ad68f99979f822cde7713401e16b4f79106bc90c540e0e18c8c7,test,frozen_prompt_centroid,7,3,MeetingBank,18.166278476852906
vamp_svd_r8_repair000,1e51d2973353ad68f99979f822cde7713401e16b4f79106bc90c540e0e18c8c7,test,prompt_nll,7,3,MeetingBank,19.78637936863478
vamp_svd_r8_repair000,1e51d2973353ad68f99979f822cde7713401e16b4f79106bc90c540e0e18c8c7,test,task_aware,7,3,MeetingBank,22.22644888441106
vamp_svd_r8_repair000,1e51d2973353ad68f99979f822cde7713401e16b4f79106bc90c540e0e18c8c7,validation,answer_oracle,7,3,MeetingBank,23.662863588576492
vamp_svd_r8_repair000,1e51d2973353ad68f99979f822cde7713401e16b4f79106bc90c540e0e18c8c7,validation,frozen_prompt_centroid,7,3,MeetingBank,17.42743191249062
vamp_svd_r8_repair000,1e51d2973353ad68f99979f822cde7713401e16b4f79106bc90c540e0e18c8c7,validation,prompt_nll,7,3,MeetingBank,17.979812190467094
vamp_svd_r8_repair000,1e51d2973353ad68f99979f822cde7713401e16b4f79106bc90c540e0e18c8c7,validation,task_aware,7,3,MeetingBank,19.410298108901028
vamp_svd_r8_repair000,1e51d2973353ad68f99979f822cde7713401e16b4f79106bc90c540e0e18c8c7,test,answer_oracle,7,6,NumGLUE-cm,27.160493827160494
vamp_svd_r8_repair000,1e51d2973353ad68f99979f822cde7713401e16b4f79106bc90c540e0e18c8c7,test,frozen_prompt_centroid,7,6,NumGLUE-cm,18.51851851851852
vamp_svd_r8_repair000,1e51d2973353ad68f99979f822cde7713401e16b4f79106bc90c540e0e18c8c7,test,prompt_nll,7,6,NumGLUE-cm,9.876543209876543
vamp_svd_r8_repair000,1e51d2973353ad68f99979f822cde7713401e16b4f79106bc90c540e0e18c8c7,test,task_aware,7,6,NumGLUE-cm,19.753086419753085
vamp_svd_r8_repair000,1e51d2973353ad68f99979f822cde7713401e16b4f79106bc90c540e0e18c8c7,validation,answer_oracle,7,6,NumGLUE-cm,53.65853658536585
vamp_svd_r8_repair000,1e51d2973353ad68f99979f822cde7713401e16b4f79106bc90c540e0e18c8c7,validation,frozen_prompt_centroid,7,6,NumGLUE-cm,43.90243902439025
vamp_svd_r8_repair000,1e51d2973353ad68f99979f822cde7713401e16b4f79106bc90c540e0e18c8c7,validation,prompt_nll,7,6,NumGLUE-cm,14.634146341463415
vamp_svd_r8_repair000,1e51d2973353ad68f99979f822cde7713401e16b4f79106bc90c540e0e18c8c7,validation,task_aware,7,6,NumGLUE-cm,41.46341463414634
vamp_svd_r8_repair000,1e51d2973353ad68f99979f822cde7713401e16b4f79106bc90c540e0e18c8c7,test,answer_oracle,7,7,NumGLUE-ds,52.0
vamp_svd_r8_repair000,1e51d2973353ad68f99979f822cde7713401e16b4f79106bc90c540e0e18c8c7,test,frozen_prompt_centroid,7,7,NumGLUE-ds,44.0
vamp_svd_r8_repair000,1e51d2973353ad68f99979f822cde7713401e16b4f79106bc90c540e0e18c8c7,test,prompt_nll,7,7,NumGLUE-ds,19.0
vamp_svd_r8_repair000,1e51d2973353ad68f99979f822cde7713401e16b4f79106bc90c540e0e18c8c7,test,task_aware,7,7,NumGLUE-ds,41.0
vamp_svd_r8_repair000,1e51d2973353ad68f99979f822cde7713401e16b4f79106bc90c540e0e18c8c7,validation,answer_oracle,7,7,NumGLUE-ds,48.0
vamp_svd_r8_repair000,1e51d2973353ad68f99979f822cde7713401e16b4f79106bc90c540e0e18c8c7,validation,frozen_prompt_centroid,7,7,NumGLUE-ds,35.0
vamp_svd_r8_repair000,1e51d2973353ad68f99979f822cde7713401e16b4f79106bc90c540e0e18c8c7,validation,prompt_nll,7,7,NumGLUE-ds,16.0
vamp_svd_r8_repair000,1e51d2973353ad68f99979f822cde7713401e16b4f79106bc90c540e0e18c8c7,validation,task_aware,7,7,NumGLUE-ds,37.0
vamp_svd_r8_repair000,1e51d2973353ad68f99979f822cde7713401e16b4f79106bc90c540e0e18c8c7,test,answer_oracle,7,5,ScienceQA,81.0
vamp_svd_r8_repair000,1e51d2973353ad68f99979f822cde7713401e16b4f79106bc90c540e0e18c8c7,test,frozen_prompt_centroid,7,5,ScienceQA,67.0
vamp_svd_r8_repair000,1e51d2973353ad68f99979f822cde7713401e16b4f79106bc90c540e0e18c8c7,test,prompt_nll,7,5,ScienceQA,69.0
vamp_svd_r8_repair000,1e51d2973353ad68f99979f822cde7713401e16b4f79106bc90c540e0e18c8c7,test,task_aware,7,5,ScienceQA,67.0
vamp_svd_r8_repair000,1e51d2973353ad68f99979f822cde7713401e16b4f79106bc90c540e0e18c8c7,validation,answer_oracle,7,5,ScienceQA,88.0
vamp_svd_r8_repair000,1e51d2973353ad68f99979f822cde7713401e16b4f79106bc90c540e0e18c8c7,validation,frozen_prompt_centroid,7,5,ScienceQA,75.0
vamp_svd_r8_repair000,1e51d2973353ad68f99979f822cde7713401e16b4f79106bc90c540e0e18c8c7,validation,prompt_nll,7,5,ScienceQA,73.0
vamp_svd_r8_repair000,1e51d2973353ad68f99979f822cde7713401e16b4f79106bc90c540e0e18c8c7,validation,task_aware,7,5,ScienceQA,75.0
vamp_svd_r8_repair000,1e51d2973353ad68f99979f822cde7713401e16b4f79106bc90c540e0e18c8c7,test,answer_oracle,8,1,C-STANCE,53.0
vamp_svd_r8_repair000,1e51d2973353ad68f99979f822cde7713401e16b4f79106bc90c540e0e18c8c7,test,frozen_prompt_centroid,8,1,C-STANCE,48.0
vamp_svd_r8_repair000,1e51d2973353ad68f99979f822cde7713401e16b4f79106bc90c540e0e18c8c7,test,prompt_nll,8,1,C-STANCE,8.0
vamp_svd_r8_repair000,1e51d2973353ad68f99979f822cde7713401e16b4f79106bc90c540e0e18c8c7,test,task_aware,8,1,C-STANCE,48.0
vamp_svd_r8_repair000,1e51d2973353ad68f99979f822cde7713401e16b4f79106bc90c540e0e18c8c7,validation,answer_oracle,8,1,C-STANCE,42.0
vamp_svd_r8_repair000,1e51d2973353ad68f99979f822cde7713401e16b4f79106bc90c540e0e18c8c7,validation,frozen_prompt_centroid,8,1,C-STANCE,33.0
vamp_svd_r8_repair000,1e51d2973353ad68f99979f822cde7713401e16b4f79106bc90c540e0e18c8c7,validation,prompt_nll,8,1,C-STANCE,3.0
vamp_svd_r8_repair000,1e51d2973353ad68f99979f822cde7713401e16b4f79106bc90c540e0e18c8c7,validation,task_aware,8,1,C-STANCE,33.0
vamp_svd_r8_repair000,1e51d2973353ad68f99979f822cde7713401e16b4f79106bc90c540e0e18c8c7,test,answer_oracle,8,2,FOMC,30.0
vamp_svd_r8_repair000,1e51d2973353ad68f99979f822cde7713401e16b4f79106bc90c540e0e18c8c7,test,frozen_prompt_centroid,8,2,FOMC,0.0
vamp_svd_r8_repair000,1e51d2973353ad68f99979f822cde7713401e16b4f79106bc90c540e0e18c8c7,test,prompt_nll,8,2,FOMC,0.0
vamp_svd_r8_repair000,1e51d2973353ad68f99979f822cde7713401e16b4f79106bc90c540e0e18c8c7,test,task_aware,8,2,FOMC,28.0
vamp_svd_r8_repair000,1e51d2973353ad68f99979f822cde7713401e16b4f79106bc90c540e0e18c8c7,validation,answer_oracle,8,2,FOMC,25.0
vamp_svd_r8_repair000,1e51d2973353ad68f99979f822cde7713401e16b4f79106bc90c540e0e18c8c7,validation,frozen_prompt_centroid,8,2,FOMC,0.0
vamp_svd_r8_repair000,1e51d2973353ad68f99979f822cde7713401e16b4f79106bc90c540e0e18c8c7,validation,prompt_nll,8,2,FOMC,0.0
vamp_svd_r8_repair000,1e51d2973353ad68f99979f822cde7713401e16b4f79106bc90c540e0e18c8c7,validation,task_aware,8,2,FOMC,22.0
vamp_svd_r8_repair000,1e51d2973353ad68f99979f822cde7713401e16b4f79106bc90c540e0e18c8c7,test,answer_oracle,8,3,MeetingBank,26.525967608683185
vamp_svd_r8_repair000,1e51d2973353ad68f99979f822cde7713401e16b4f79106bc90c540e0e18c8c7,test,frozen_prompt_centroid,8,3,MeetingBank,18.120883822515673
vamp_svd_r8_repair000,1e51d2973353ad68f99979f822cde7713401e16b4f79106bc90c540e0e18c8c7,test,prompt_nll,8,3,MeetingBank,19.312699091832137
vamp_svd_r8_repair000,1e51d2973353ad68f99979f822cde7713401e16b4f79106bc90c540e0e18c8c7,test,task_aware,8,3,MeetingBank,21.53901379488252
vamp_svd_r8_repair000,1e51d2973353ad68f99979f822cde7713401e16b4f79106bc90c540e0e18c8c7,validation,answer_oracle,8,3,MeetingBank,24.794246468190728
vamp_svd_r8_repair000,1e51d2973353ad68f99979f822cde7713401e16b4f79106bc90c540e0e18c8c7,validation,frozen_prompt_centroid,8,3,MeetingBank,17.313941997094226
vamp_svd_r8_repair000,1e51d2973353ad68f99979f822cde7713401e16b4f79106bc90c540e0e18c8c7,validation,prompt_nll,8,3,MeetingBank,19.69039921685061
vamp_svd_r8_repair000,1e51d2973353ad68f99979f822cde7713401e16b4f79106bc90c540e0e18c8c7,validation,task_aware,8,3,MeetingBank,21.190762404059875
vamp_svd_r8_repair000,1e51d2973353ad68f99979f822cde7713401e16b4f79106bc90c540e0e18c8c7,test,answer_oracle,8,7,NumGLUE-ds,48.0
vamp_svd_r8_repair000,1e51d2973353ad68f99979f822cde7713401e16b4f79106bc90c540e0e18c8c7,test,frozen_prompt_centroid,8,7,NumGLUE-ds,42.0
vamp_svd_r8_repair000,1e51d2973353ad68f99979f822cde7713401e16b4f79106bc90c540e0e18c8c7,test,prompt_nll,8,7,NumGLUE-ds,20.0
vamp_svd_r8_repair000,1e51d2973353ad68f99979f822cde7713401e16b4f79106bc90c540e0e18c8c7,test,task_aware,8,7,NumGLUE-ds,41.0
vamp_svd_r8_repair000,1e51d2973353ad68f99979f822cde7713401e16b4f79106bc90c540e0e18c8c7,validation,answer_oracle,8,7,NumGLUE-ds,42.0
vamp_svd_r8_repair000,1e51d2973353ad68f99979f822cde7713401e16b4f79106bc90c540e0e18c8c7,validation,frozen_prompt_centroid,8,7,NumGLUE-ds,36.0
vamp_svd_r8_repair000,1e51d2973353ad68f99979f822cde7713401e16b4f79106bc90c540e0e18c8c7,validation,prompt_nll,8,7,NumGLUE-ds,14.0
vamp_svd_r8_repair000,1e51d2973353ad68f99979f822cde7713401e16b4f79106bc90c540e0e18c8c7,validation,task_aware,8,7,NumGLUE-ds,35.0
vamp_svd_r8_repair000,1e51d2973353ad68f99979f822cde7713401e16b4f79106bc90c540e0e18c8c7,test,answer_oracle,8,5,ScienceQA,84.0
vamp_svd_r8_repair000,1e51d2973353ad68f99979f822cde7713401e16b4f79106bc90c540e0e18c8c7,test,frozen_prompt_centroid,8,5,ScienceQA,64.0
vamp_svd_r8_repair000,1e51d2973353ad68f99979f822cde7713401e16b4f79106bc90c540e0e18c8c7,test,prompt_nll,8,5,ScienceQA,68.0
vamp_svd_r8_repair000,1e51d2973353ad68f99979f822cde7713401e16b4f79106bc90c540e0e18c8c7,test,task_aware,8,5,ScienceQA,65.0
vamp_svd_r8_repair000,1e51d2973353ad68f99979f822cde7713401e16b4f79106bc90c540e0e18c8c7,validation,answer_oracle,8,5,ScienceQA,91.0
vamp_svd_r8_repair000,1e51d2973353ad68f99979f822cde7713401e16b4f79106bc90c540e0e18c8c7,validation,frozen_prompt_centroid,8,5,ScienceQA,74.0
vamp_svd_r8_repair000,1e51d2973353ad68f99979f822cde7713401e16b4f79106bc90c540e0e18c8c7,validation,prompt_nll,8,5,ScienceQA,74.0
vamp_svd_r8_repair000,1e51d2973353ad68f99979f822cde7713401e16b4f79106bc90c540e0e18c8c7,validation,task_aware,8,5,ScienceQA,74.0
vamp_core_tsv_r8_scale03_repair000,546c828af41198edfcc3520d8c0f283eb2555357e275e50fddef434791470b03,test,answer_oracle,2,1,C-STANCE,56.0
vamp_core_tsv_r8_scale03_repair000,546c828af41198edfcc3520d8c0f283eb2555357e275e50fddef434791470b03,test,frozen_prompt_centroid,2,1,C-STANCE,40.0
vamp_core_tsv_r8_scale03_repair000,546c828af41198edfcc3520d8c0f283eb2555357e275e50fddef434791470b03,test,prompt_nll,2,1,C-STANCE,29.0
vamp_core_tsv_r8_scale03_repair000,546c828af41198edfcc3520d8c0f283eb2555357e275e50fddef434791470b03,test,task_aware,2,1,C-STANCE,40.0
vamp_core_tsv_r8_scale03_repair000,546c828af41198edfcc3520d8c0f283eb2555357e275e50fddef434791470b03,validation,answer_oracle,2,1,C-STANCE,46.0
vamp_core_tsv_r8_scale03_repair000,546c828af41198edfcc3520d8c0f283eb2555357e275e50fddef434791470b03,validation,frozen_prompt_centroid,2,1,C-STANCE,35.0
vamp_core_tsv_r8_scale03_repair000,546c828af41198edfcc3520d8c0f283eb2555357e275e50fddef434791470b03,validation,prompt_nll,2,1,C-STANCE,19.0
vamp_core_tsv_r8_scale03_repair000,546c828af41198edfcc3520d8c0f283eb2555357e275e50fddef434791470b03,validation,task_aware,2,1,C-STANCE,35.0
vamp_core_tsv_r8_scale03_repair000,546c828af41198edfcc3520d8c0f283eb2555357e275e50fddef434791470b03,test,answer_oracle,2,2,FOMC,37.0
vamp_core_tsv_r8_scale03_repair000,546c828af41198edfcc3520d8c0f283eb2555357e275e50fddef434791470b03,test,frozen_prompt_centroid,2,2,FOMC,13.0
vamp_core_tsv_r8_scale03_repair000,546c828af41198edfcc3520d8c0f283eb2555357e275e50fddef434791470b03,test,prompt_nll,2,2,FOMC,0.0
vamp_core_tsv_r8_scale03_repair000,546c828af41198edfcc3520d8c0f283eb2555357e275e50fddef434791470b03,test,task_aware,2,2,FOMC,26.0
vamp_core_tsv_r8_scale03_repair000,546c828af41198edfcc3520d8c0f283eb2555357e275e50fddef434791470b03,validation,answer_oracle,2,2,FOMC,39.0
vamp_core_tsv_r8_scale03_repair000,546c828af41198edfcc3520d8c0f283eb2555357e275e50fddef434791470b03,validation,frozen_prompt_centroid,2,2,FOMC,15.0
vamp_core_tsv_r8_scale03_repair000,546c828af41198edfcc3520d8c0f283eb2555357e275e50fddef434791470b03,validation,prompt_nll,2,2,FOMC,2.0
vamp_core_tsv_r8_scale03_repair000,546c828af41198edfcc3520d8c0f283eb2555357e275e50fddef434791470b03,validation,task_aware,2,2,FOMC,30.0
vamp_core_tsv_r8_scale03_repair000,546c828af41198edfcc3520d8c0f283eb2555357e275e50fddef434791470b03,test,answer_oracle,3,3,MeetingBank,35.115915335179736
vamp_core_tsv_r8_scale03_repair000,546c828af41198edfcc3520d8c0f283eb2555357e275e50fddef434791470b03,test,frozen_prompt_centroid,3,3,MeetingBank,27.844395909389913
vamp_core_tsv_r8_scale03_repair000,546c828af41198edfcc3520d8c0f283eb2555357e275e50fddef434791470b03,test,prompt_nll,3,3,MeetingBank,20.676350719316947
vamp_core_tsv_r8_scale03_repair000,546c828af41198edfcc3520d8c0f283eb2555357e275e50fddef434791470b03,test,task_aware,3,3,MeetingBank,32.44423085345572
vamp_core_tsv_r8_scale03_repair000,546c828af41198edfcc3520d8c0f283eb2555357e275e50fddef434791470b03,validation,answer_oracle,3,3,MeetingBank,33.00731585216669
vamp_core_tsv_r8_scale03_repair000,546c828af41198edfcc3520d8c0f283eb2555357e275e50fddef434791470b03,validation,frozen_prompt_centroid,3,3,MeetingBank,25.633907741257346
vamp_core_tsv_r8_scale03_repair000,546c828af41198edfcc3520d8c0f283eb2555357e275e50fddef434791470b03,validation,prompt_nll,3,3,MeetingBank,20.366210835167664
vamp_core_tsv_r8_scale03_repair000,546c828af41198edfcc3520d8c0f283eb2555357e275e50fddef434791470b03,validation,task_aware,3,3,MeetingBank,29.859500579864868
vamp_core_tsv_r8_scale03_repair000,546c828af41198edfcc3520d8c0f283eb2555357e275e50fddef434791470b03,test,answer_oracle,4,2,FOMC,5.0
vamp_core_tsv_r8_scale03_repair000,546c828af41198edfcc3520d8c0f283eb2555357e275e50fddef434791470b03,test,frozen_prompt_centroid,4,2,FOMC,5.0
vamp_core_tsv_r8_scale03_repair000,546c828af41198edfcc3520d8c0f283eb2555357e275e50fddef434791470b03,test,prompt_nll,4,2,FOMC,4.0
vamp_core_tsv_r8_scale03_repair000,546c828af41198edfcc3520d8c0f283eb2555357e275e50fddef434791470b03,test,task_aware,4,2,FOMC,5.0
vamp_core_tsv_r8_scale03_repair000,546c828af41198edfcc3520d8c0f283eb2555357e275e50fddef434791470b03,validation,answer_oracle,4,2,FOMC,10.0
vamp_core_tsv_r8_scale03_repair000,546c828af41198edfcc3520d8c0f283eb2555357e275e50fddef434791470b03,validation,frozen_prompt_centroid,4,2,FOMC,10.0
vamp_core_tsv_r8_scale03_repair000,546c828af41198edfcc3520d8c0f283eb2555357e275e50fddef434791470b03,validation,prompt_nll,4,2,FOMC,2.0
vamp_core_tsv_r8_scale03_repair000,546c828af41198edfcc3520d8c0f283eb2555357e275e50fddef434791470b03,validation,task_aware,4,2,FOMC,10.0
vamp_core_tsv_r8_scale03_repair000,546c828af41198edfcc3520d8c0f283eb2555357e275e50fddef434791470b03,test,answer_oracle,4,4,Py150,60.21
vamp_core_tsv_r8_scale03_repair000,546c828af41198edfcc3520d8c0f283eb2555357e275e50fddef434791470b03,test,frozen_prompt_centroid,4,4,Py150,45.55
vamp_core_tsv_r8_scale03_repair000,546c828af41198edfcc3520d8c0f283eb2555357e275e50fddef434791470b03,test,prompt_nll,4,4,Py150,9.18
vamp_core_tsv_r8_scale03_repair000,546c828af41198edfcc3520d8c0f283eb2555357e275e50fddef434791470b03,test,task_aware,4,4,Py150,55.39
vamp_core_tsv_r8_scale03_repair000,546c828af41198edfcc3520d8c0f283eb2555357e275e50fddef434791470b03,validation,answer_oracle,4,4,Py150,59.32
vamp_core_tsv_r8_scale03_repair000,546c828af41198edfcc3520d8c0f283eb2555357e275e50fddef434791470b03,validation,frozen_prompt_centroid,4,4,Py150,35.78
vamp_core_tsv_r8_scale03_repair000,546c828af41198edfcc3520d8c0f283eb2555357e275e50fddef434791470b03,validation,prompt_nll,4,4,Py150,6.59
vamp_core_tsv_r8_scale03_repair000,546c828af41198edfcc3520d8c0f283eb2555357e275e50fddef434791470b03,validation,task_aware,4,4,Py150,53.51
vamp_core_tsv_r8_scale03_repair000,546c828af41198edfcc3520d8c0f283eb2555357e275e50fddef434791470b03,test,answer_oracle,5,1,C-STANCE,3.0
vamp_core_tsv_r8_scale03_repair000,546c828af41198edfcc3520d8c0f283eb2555357e275e50fddef434791470b03,test,frozen_prompt_centroid,5,1,C-STANCE,3.0
vamp_core_tsv_r8_scale03_repair000,546c828af41198edfcc3520d8c0f283eb2555357e275e50fddef434791470b03,test,prompt_nll,5,1,C-STANCE,0.0
vamp_core_tsv_r8_scale03_repair000,546c828af41198edfcc3520d8c0f283eb2555357e275e50fddef434791470b03,test,task_aware,5,1,C-STANCE,3.0
vamp_core_tsv_r8_scale03_repair000,546c828af41198edfcc3520d8c0f283eb2555357e275e50fddef434791470b03,validation,answer_oracle,5,1,C-STANCE,3.0
vamp_core_tsv_r8_scale03_repair000,546c828af41198edfcc3520d8c0f283eb2555357e275e50fddef434791470b03,validation,frozen_prompt_centroid,5,1,C-STANCE,3.0
vamp_core_tsv_r8_scale03_repair000,546c828af41198edfcc3520d8c0f283eb2555357e275e50fddef434791470b03,validation,prompt_nll,5,1,C-STANCE,1.0
vamp_core_tsv_r8_scale03_repair000,546c828af41198edfcc3520d8c0f283eb2555357e275e50fddef434791470b03,validation,task_aware,5,1,C-STANCE,3.0
vamp_core_tsv_r8_scale03_repair000,546c828af41198edfcc3520d8c0f283eb2555357e275e50fddef434791470b03,test,answer_oracle,5,3,MeetingBank,22.991357758955566
vamp_core_tsv_r8_scale03_repair000,546c828af41198edfcc3520d8c0f283eb2555357e275e50fddef434791470b03,test,frozen_prompt_centroid,5,3,MeetingBank,19.040249140010477
vamp_core_tsv_r8_scale03_repair000,546c828af41198edfcc3520d8c0f283eb2555357e275e50fddef434791470b03,test,prompt_nll,5,3,MeetingBank,18.39698204902658
vamp_core_tsv_r8_scale03_repair000,546c828af41198edfcc3520d8c0f283eb2555357e275e50fddef434791470b03,test,task_aware,5,3,MeetingBank,18.66319920675895
vamp_core_tsv_r8_scale03_repair000,546c828af41198edfcc3520d8c0f283eb2555357e275e50fddef434791470b03,validation,answer_oracle,5,3,MeetingBank,22.05681373082763
vamp_core_tsv_r8_scale03_repair000,546c828af41198edfcc3520d8c0f283eb2555357e275e50fddef434791470b03,validation,frozen_prompt_centroid,5,3,MeetingBank,17.678551065527166
vamp_core_tsv_r8_scale03_repair000,546c828af41198edfcc3520d8c0f283eb2555357e275e50fddef434791470b03,validation,prompt_nll,5,3,MeetingBank,17.886371502136825
vamp_core_tsv_r8_scale03_repair000,546c828af41198edfcc3520d8c0f283eb2555357e275e50fddef434791470b03,validation,task_aware,5,3,MeetingBank,17.87943280713475
vamp_core_tsv_r8_scale03_repair000,546c828af41198edfcc3520d8c0f283eb2555357e275e50fddef434791470b03,test,answer_oracle,5,4,Py150,4.72
vamp_core_tsv_r8_scale03_repair000,546c828af41198edfcc3520d8c0f283eb2555357e275e50fddef434791470b03,test,frozen_prompt_centroid,5,4,Py150,4.14
vamp_core_tsv_r8_scale03_repair000,546c828af41198edfcc3520d8c0f283eb2555357e275e50fddef434791470b03,test,prompt_nll,5,4,Py150,4.12
vamp_core_tsv_r8_scale03_repair000,546c828af41198edfcc3520d8c0f283eb2555357e275e50fddef434791470b03,test,task_aware,5,4,Py150,4.14
vamp_core_tsv_r8_scale03_repair000,546c828af41198edfcc3520d8c0f283eb2555357e275e50fddef434791470b03,validation,answer_oracle,5,4,Py150,4.58
vamp_core_tsv_r8_scale03_repair000,546c828af41198edfcc3520d8c0f283eb2555357e275e50fddef434791470b03,validation,frozen_prompt_centroid,5,4,Py150,4.06
vamp_core_tsv_r8_scale03_repair000,546c828af41198edfcc3520d8c0f283eb2555357e275e50fddef434791470b03,validation,prompt_nll,5,4,Py150,3.98
vamp_core_tsv_r8_scale03_repair000,546c828af41198edfcc3520d8c0f283eb2555357e275e50fddef434791470b03,validation,task_aware,5,4,Py150,4.06
vamp_core_tsv_r8_scale03_repair000,546c828af41198edfcc3520d8c0f283eb2555357e275e50fddef434791470b03,test,answer_oracle,6,1,C-STANCE,4.0
vamp_core_tsv_r8_scale03_repair000,546c828af41198edfcc3520d8c0f283eb2555357e275e50fddef434791470b03,test,frozen_prompt_centroid,6,1,C-STANCE,3.0
vamp_core_tsv_r8_scale03_repair000,546c828af41198edfcc3520d8c0f283eb2555357e275e50fddef434791470b03,test,prompt_nll,6,1,C-STANCE,2.0
vamp_core_tsv_r8_scale03_repair000,546c828af41198edfcc3520d8c0f283eb2555357e275e50fddef434791470b03,test,task_aware,6,1,C-STANCE,3.0
vamp_core_tsv_r8_scale03_repair000,546c828af41198edfcc3520d8c0f283eb2555357e275e50fddef434791470b03,validation,answer_oracle,6,1,C-STANCE,4.0
vamp_core_tsv_r8_scale03_repair000,546c828af41198edfcc3520d8c0f283eb2555357e275e50fddef434791470b03,validation,frozen_prompt_centroid,6,1,C-STANCE,3.0
vamp_core_tsv_r8_scale03_repair000,546c828af41198edfcc3520d8c0f283eb2555357e275e50fddef434791470b03,validation,prompt_nll,6,1,C-STANCE,2.0
vamp_core_tsv_r8_scale03_repair000,546c828af41198edfcc3520d8c0f283eb2555357e275e50fddef434791470b03,validation,task_aware,6,1,C-STANCE,3.0
vamp_core_tsv_r8_scale03_repair000,546c828af41198edfcc3520d8c0f283eb2555357e275e50fddef434791470b03,test,answer_oracle,6,5,ScienceQA,77.0
vamp_core_tsv_r8_scale03_repair000,546c828af41198edfcc3520d8c0f283eb2555357e275e50fddef434791470b03,test,frozen_prompt_centroid,6,5,ScienceQA,68.0
vamp_core_tsv_r8_scale03_repair000,546c828af41198edfcc3520d8c0f283eb2555357e275e50fddef434791470b03,test,prompt_nll,6,5,ScienceQA,68.0
vamp_core_tsv_r8_scale03_repair000,546c828af41198edfcc3520d8c0f283eb2555357e275e50fddef434791470b03,test,task_aware,6,5,ScienceQA,67.0
vamp_core_tsv_r8_scale03_repair000,546c828af41198edfcc3520d8c0f283eb2555357e275e50fddef434791470b03,validation,answer_oracle,6,5,ScienceQA,87.0
vamp_core_tsv_r8_scale03_repair000,546c828af41198edfcc3520d8c0f283eb2555357e275e50fddef434791470b03,validation,frozen_prompt_centroid,6,5,ScienceQA,73.0
vamp_core_tsv_r8_scale03_repair000,546c828af41198edfcc3520d8c0f283eb2555357e275e50fddef434791470b03,validation,prompt_nll,6,5,ScienceQA,72.0
vamp_core_tsv_r8_scale03_repair000,546c828af41198edfcc3520d8c0f283eb2555357e275e50fddef434791470b03,validation,task_aware,6,5,ScienceQA,76.0
vamp_core_tsv_r8_scale03_repair000,546c828af41198edfcc3520d8c0f283eb2555357e275e50fddef434791470b03,test,answer_oracle,7,1,C-STANCE,6.0
vamp_core_tsv_r8_scale03_repair000,546c828af41198edfcc3520d8c0f283eb2555357e275e50fddef434791470b03,test,frozen_prompt_centroid,7,1,C-STANCE,0.0
vamp_core_tsv_r8_scale03_repair000,546c828af41198edfcc3520d8c0f283eb2555357e275e50fddef434791470b03,test,prompt_nll,7,1,C-STANCE,0.0
vamp_core_tsv_r8_scale03_repair000,546c828af41198edfcc3520d8c0f283eb2555357e275e50fddef434791470b03,test,task_aware,7,1,C-STANCE,6.0
vamp_core_tsv_r8_scale03_repair000,546c828af41198edfcc3520d8c0f283eb2555357e275e50fddef434791470b03,validation,answer_oracle,7,1,C-STANCE,5.0
vamp_core_tsv_r8_scale03_repair000,546c828af41198edfcc3520d8c0f283eb2555357e275e50fddef434791470b03,validation,frozen_prompt_centroid,7,1,C-STANCE,1.0
vamp_core_tsv_r8_scale03_repair000,546c828af41198edfcc3520d8c0f283eb2555357e275e50fddef434791470b03,validation,prompt_nll,7,1,C-STANCE,2.0
vamp_core_tsv_r8_scale03_repair000,546c828af41198edfcc3520d8c0f283eb2555357e275e50fddef434791470b03,validation,task_aware,7,1,C-STANCE,5.0
vamp_core_tsv_r8_scale03_repair000,546c828af41198edfcc3520d8c0f283eb2555357e275e50fddef434791470b03,test,answer_oracle,7,3,MeetingBank,22.838778616435505
vamp_core_tsv_r8_scale03_repair000,546c828af41198edfcc3520d8c0f283eb2555357e275e50fddef434791470b03,test,frozen_prompt_centroid,7,3,MeetingBank,18.166278476852906
vamp_core_tsv_r8_scale03_repair000,546c828af41198edfcc3520d8c0f283eb2555357e275e50fddef434791470b03,test,prompt_nll,7,3,MeetingBank,18.4484302472121
vamp_core_tsv_r8_scale03_repair000,546c828af41198edfcc3520d8c0f283eb2555357e275e50fddef434791470b03,test,task_aware,7,3,MeetingBank,18.61381410649544
vamp_core_tsv_r8_scale03_repair000,546c828af41198edfcc3520d8c0f283eb2555357e275e50fddef434791470b03,validation,answer_oracle,7,3,MeetingBank,22.021475378478797
vamp_core_tsv_r8_scale03_repair000,546c828af41198edfcc3520d8c0f283eb2555357e275e50fddef434791470b03,validation,frozen_prompt_centroid,7,3,MeetingBank,17.42743191249062
vamp_core_tsv_r8_scale03_repair000,546c828af41198edfcc3520d8c0f283eb2555357e275e50fddef434791470b03,validation,prompt_nll,7,3,MeetingBank,17.566087140112785
vamp_core_tsv_r8_scale03_repair000,546c828af41198edfcc3520d8c0f283eb2555357e275e50fddef434791470b03,validation,task_aware,7,3,MeetingBank,17.49311943140279
vamp_core_tsv_r8_scale03_repair000,546c828af41198edfcc3520d8c0f283eb2555357e275e50fddef434791470b03,test,answer_oracle,7,5,ScienceQA,77.0
vamp_core_tsv_r8_scale03_repair000,546c828af41198edfcc3520d8c0f283eb2555357e275e50fddef434791470b03,test,frozen_prompt_centroid,7,5,ScienceQA,68.0
vamp_core_tsv_r8_scale03_repair000,546c828af41198edfcc3520d8c0f283eb2555357e275e50fddef434791470b03,test,prompt_nll,7,5,ScienceQA,66.0
vamp_core_tsv_r8_scale03_repair000,546c828af41198edfcc3520d8c0f283eb2555357e275e50fddef434791470b03,test,task_aware,7,5,ScienceQA,68.0
vamp_core_tsv_r8_scale03_repair000,546c828af41198edfcc3520d8c0f283eb2555357e275e50fddef434791470b03,validation,answer_oracle,7,5,ScienceQA,85.0
vamp_core_tsv_r8_scale03_repair000,546c828af41198edfcc3520d8c0f283eb2555357e275e50fddef434791470b03,validation,frozen_prompt_centroid,7,5,ScienceQA,77.0
vamp_core_tsv_r8_scale03_repair000,546c828af41198edfcc3520d8c0f283eb2555357e275e50fddef434791470b03,validation,prompt_nll,7,5,ScienceQA,74.0
vamp_core_tsv_r8_scale03_repair000,546c828af41198edfcc3520d8c0f283eb2555357e275e50fddef434791470b03,validation,task_aware,7,5,ScienceQA,77.0
vamp_core_tsv_r8_scale03_repair000,546c828af41198edfcc3520d8c0f283eb2555357e275e50fddef434791470b03,test,answer_oracle,8,8,20Minuten,42.25282893650303
vamp_core_tsv_r8_scale03_repair000,546c828af41198edfcc3520d8c0f283eb2555357e275e50fddef434791470b03,test,frozen_prompt_centroid,8,8,20Minuten,38.726227951236055
vamp_core_tsv_r8_scale03_repair000,546c828af41198edfcc3520d8c0f283eb2555357e275e50fddef434791470b03,test,prompt_nll,8,8,20Minuten,37.44574877455279
vamp_core_tsv_r8_scale03_repair000,546c828af41198edfcc3520d8c0f283eb2555357e275e50fddef434791470b03,test,task_aware,8,8,20Minuten,38.883014069269414
vamp_core_tsv_r8_scale03_repair000,546c828af41198edfcc3520d8c0f283eb2555357e275e50fddef434791470b03,validation,answer_oracle,8,8,20Minuten,42.210796567447865
vamp_core_tsv_r8_scale03_repair000,546c828af41198edfcc3520d8c0f283eb2555357e275e50fddef434791470b03,validation,frozen_prompt_centroid,8,8,20Minuten,38.69448977900205
vamp_core_tsv_r8_scale03_repair000,546c828af41198edfcc3520d8c0f283eb2555357e275e50fddef434791470b03,validation,prompt_nll,8,8,20Minuten,37.168083411927604
vamp_core_tsv_r8_scale03_repair000,546c828af41198edfcc3520d8c0f283eb2555357e275e50fddef434791470b03,validation,task_aware,8,8,20Minuten,39.12847854350139
vamp_core_tsv_r8_scale03_repair000,546c828af41198edfcc3520d8c0f283eb2555357e275e50fddef434791470b03,test,answer_oracle,8,4,Py150,4.63
vamp_core_tsv_r8_scale03_repair000,546c828af41198edfcc3520d8c0f283eb2555357e275e50fddef434791470b03,test,frozen_prompt_centroid,8,4,Py150,3.82
vamp_core_tsv_r8_scale03_repair000,546c828af41198edfcc3520d8c0f283eb2555357e275e50fddef434791470b03,test,prompt_nll,8,4,Py150,3.87
vamp_core_tsv_r8_scale03_repair000,546c828af41198edfcc3520d8c0f283eb2555357e275e50fddef434791470b03,test,task_aware,8,4,Py150,3.88
vamp_core_tsv_r8_scale03_repair000,546c828af41198edfcc3520d8c0f283eb2555357e275e50fddef434791470b03,validation,answer_oracle,8,4,Py150,4.81
vamp_core_tsv_r8_scale03_repair000,546c828af41198edfcc3520d8c0f283eb2555357e275e50fddef434791470b03,validation,frozen_prompt_centroid,8,4,Py150,3.98
vamp_core_tsv_r8_scale03_repair000,546c828af41198edfcc3520d8c0f283eb2555357e275e50fddef434791470b03,validation,prompt_nll,8,4,Py150,4.08
vamp_core_tsv_r8_scale03_repair000,546c828af41198edfcc3520d8c0f283eb2555357e275e50fddef434791470b03,validation,task_aware,8,4,Py150,4.1
vamp_svd_r8_repair005,ae101c7f8b800eed7ae750626b2d1db93697b662160356b34e2df60989a3489e,test,answer_oracle,1,1,C-STANCE,65.0
vamp_svd_r8_repair005,ae101c7f8b800eed7ae750626b2d1db93697b662160356b34e2df60989a3489e,test,frozen_prompt_centroid,1,1,C-STANCE,53.0
vamp_svd_r8_repair005,ae101c7f8b800eed7ae750626b2d1db93697b662160356b34e2df60989a3489e,test,prompt_nll,1,1,C-STANCE,0.0
vamp_svd_r8_repair005,ae101c7f8b800eed7ae750626b2d1db93697b662160356b34e2df60989a3489e,test,task_aware,1,1,C-STANCE,57.0
vamp_svd_r8_repair005,ae101c7f8b800eed7ae750626b2d1db93697b662160356b34e2df60989a3489e,validation,answer_oracle,1,1,C-STANCE,55.0
vamp_svd_r8_repair005,ae101c7f8b800eed7ae750626b2d1db93697b662160356b34e2df60989a3489e,validation,frozen_prompt_centroid,1,1,C-STANCE,42.0
vamp_svd_r8_repair005,ae101c7f8b800eed7ae750626b2d1db93697b662160356b34e2df60989a3489e,validation,prompt_nll,1,1,C-STANCE,1.0
vamp_svd_r8_repair005,ae101c7f8b800eed7ae750626b2d1db93697b662160356b34e2df60989a3489e,validation,task_aware,1,1,C-STANCE,46.0
vamp_svd_r8_repair005,ae101c7f8b800eed7ae750626b2d1db93697b662160356b34e2df60989a3489e,test,answer_oracle,2,1,C-STANCE,72.0
vamp_svd_r8_repair005,ae101c7f8b800eed7ae750626b2d1db93697b662160356b34e2df60989a3489e,test,frozen_prompt_centroid,2,1,C-STANCE,58.0
vamp_svd_r8_repair005,ae101c7f8b800eed7ae750626b2d1db93697b662160356b34e2df60989a3489e,test,prompt_nll,2,1,C-STANCE,5.0
vamp_svd_r8_repair005,ae101c7f8b800eed7ae750626b2d1db93697b662160356b34e2df60989a3489e,test,task_aware,2,1,C-STANCE,58.0
vamp_svd_r8_repair005,ae101c7f8b800eed7ae750626b2d1db93697b662160356b34e2df60989a3489e,validation,answer_oracle,2,1,C-STANCE,57.0
vamp_svd_r8_repair005,ae101c7f8b800eed7ae750626b2d1db93697b662160356b34e2df60989a3489e,validation,frozen_prompt_centroid,2,1,C-STANCE,47.0
vamp_svd_r8_repair005,ae101c7f8b800eed7ae750626b2d1db93697b662160356b34e2df60989a3489e,validation,prompt_nll,2,1,C-STANCE,3.0
vamp_svd_r8_repair005,ae101c7f8b800eed7ae750626b2d1db93697b662160356b34e2df60989a3489e,validation,task_aware,2,1,C-STANCE,47.0
vamp_svd_r8_repair005,ae101c7f8b800eed7ae750626b2d1db93697b662160356b34e2df60989a3489e,test,answer_oracle,2,2,FOMC,42.0
vamp_svd_r8_repair005,ae101c7f8b800eed7ae750626b2d1db93697b662160356b34e2df60989a3489e,test,frozen_prompt_centroid,2,2,FOMC,4.0
vamp_svd_r8_repair005,ae101c7f8b800eed7ae750626b2d1db93697b662160356b34e2df60989a3489e,test,prompt_nll,2,2,FOMC,0.0
vamp_svd_r8_repair005,ae101c7f8b800eed7ae750626b2d1db93697b662160356b34e2df60989a3489e,test,task_aware,2,2,FOMC,23.0
vamp_svd_r8_repair005,ae101c7f8b800eed7ae750626b2d1db93697b662160356b34e2df60989a3489e,validation,answer_oracle,2,2,FOMC,47.0
vamp_svd_r8_repair005,ae101c7f8b800eed7ae750626b2d1db93697b662160356b34e2df60989a3489e,validation,frozen_prompt_centroid,2,2,FOMC,4.0
vamp_svd_r8_repair005,ae101c7f8b800eed7ae750626b2d1db93697b662160356b34e2df60989a3489e,validation,prompt_nll,2,2,FOMC,1.0
vamp_svd_r8_repair005,ae101c7f8b800eed7ae750626b2d1db93697b662160356b34e2df60989a3489e,validation,task_aware,2,2,FOMC,29.0
vamp_svd_r8_repair005,ae101c7f8b800eed7ae750626b2d1db93697b662160356b34e2df60989a3489e,test,answer_oracle,3,1,C-STANCE,57.0
vamp_svd_r8_repair005,ae101c7f8b800eed7ae750626b2d1db93697b662160356b34e2df60989a3489e,test,frozen_prompt_centroid,3,1,C-STANCE,55.0
vamp_svd_r8_repair005,ae101c7f8b800eed7ae750626b2d1db93697b662160356b34e2df60989a3489e,test,prompt_nll,3,1,C-STANCE,7.0
vamp_svd_r8_repair005,ae101c7f8b800eed7ae750626b2d1db93697b662160356b34e2df60989a3489e,test,task_aware,3,1,C-STANCE,55.0
vamp_svd_r8_repair005,ae101c7f8b800eed7ae750626b2d1db93697b662160356b34e2df60989a3489e,validation,answer_oracle,3,1,C-STANCE,41.0
vamp_svd_r8_repair005,ae101c7f8b800eed7ae750626b2d1db93697b662160356b34e2df60989a3489e,validation,frozen_prompt_centroid,3,1,C-STANCE,40.0
vamp_svd_r8_repair005,ae101c7f8b800eed7ae750626b2d1db93697b662160356b34e2df60989a3489e,validation,prompt_nll,3,1,C-STANCE,3.0
vamp_svd_r8_repair005,ae101c7f8b800eed7ae750626b2d1db93697b662160356b34e2df60989a3489e,validation,task_aware,3,1,C-STANCE,40.0
vamp_svd_r8_repair005,ae101c7f8b800eed7ae750626b2d1db93697b662160356b34e2df60989a3489e,test,answer_oracle,3,3,MeetingBank,37.54212210258413
vamp_svd_r8_repair005,ae101c7f8b800eed7ae750626b2d1db93697b662160356b34e2df60989a3489e,test,frozen_prompt_centroid,3,3,MeetingBank,33.139308694242246
vamp_svd_r8_repair005,ae101c7f8b800eed7ae750626b2d1db93697b662160356b34e2df60989a3489e,test,prompt_nll,3,3,MeetingBank,21.24903265956601
vamp_svd_r8_repair005,ae101c7f8b800eed7ae750626b2d1db93697b662160356b34e2df60989a3489e,test,task_aware,3,3,MeetingBank,32.282989478813924
vamp_svd_r8_repair005,ae101c7f8b800eed7ae750626b2d1db93697b662160356b34e2df60989a3489e,validation,answer_oracle,3,3,MeetingBank,35.743301784294495
vamp_svd_r8_repair005,ae101c7f8b800eed7ae750626b2d1db93697b662160356b34e2df60989a3489e,validation,frozen_prompt_centroid,3,3,MeetingBank,29.99116502658207
vamp_svd_r8_repair005,ae101c7f8b800eed7ae750626b2d1db93697b662160356b34e2df60989a3489e,validation,prompt_nll,3,3,MeetingBank,19.43617667436338
vamp_svd_r8_repair005,ae101c7f8b800eed7ae750626b2d1db93697b662160356b34e2df60989a3489e,validation,task_aware,3,3,MeetingBank,30.557974632473616
vamp_svd_r8_repair005,ae101c7f8b800eed7ae750626b2d1db93697b662160356b34e2df60989a3489e,test,answer_oracle,4,2,FOMC,40.0
vamp_svd_r8_repair005,ae101c7f8b800eed7ae750626b2d1db93697b662160356b34e2df60989a3489e,test,frozen_prompt_centroid,4,2,FOMC,23.0
vamp_svd_r8_repair005,ae101c7f8b800eed7ae750626b2d1db93697b662160356b34e2df60989a3489e,test,prompt_nll,4,2,FOMC,0.0
vamp_svd_r8_repair005,ae101c7f8b800eed7ae750626b2d1db93697b662160356b34e2df60989a3489e,test,task_aware,4,2,FOMC,23.0
vamp_svd_r8_repair005,ae101c7f8b800eed7ae750626b2d1db93697b662160356b34e2df60989a3489e,validation,answer_oracle,4,2,FOMC,48.0
vamp_svd_r8_repair005,ae101c7f8b800eed7ae750626b2d1db93697b662160356b34e2df60989a3489e,validation,frozen_prompt_centroid,4,2,FOMC,26.0
vamp_svd_r8_repair005,ae101c7f8b800eed7ae750626b2d1db93697b662160356b34e2df60989a3489e,validation,prompt_nll,4,2,FOMC,0.0
vamp_svd_r8_repair005,ae101c7f8b800eed7ae750626b2d1db93697b662160356b34e2df60989a3489e,validation,task_aware,4,2,FOMC,28.0
vamp_svd_r8_repair005,ae101c7f8b800eed7ae750626b2d1db93697b662160356b34e2df60989a3489e,test,answer_oracle,5,1,C-STANCE,58.0
vamp_svd_r8_repair005,ae101c7f8b800eed7ae750626b2d1db93697b662160356b34e2df60989a3489e,test,frozen_prompt_centroid,5,1,C-STANCE,57.0
vamp_svd_r8_repair005,ae101c7f8b800eed7ae750626b2d1db93697b662160356b34e2df60989a3489e,test,prompt_nll,5,1,C-STANCE,0.0
vamp_svd_r8_repair005,ae101c7f8b800eed7ae750626b2d1db93697b662160356b34e2df60989a3489e,test,task_aware,5,1,C-STANCE,57.0
vamp_svd_r8_repair005,ae101c7f8b800eed7ae750626b2d1db93697b662160356b34e2df60989a3489e,validation,answer_oracle,5,1,C-STANCE,42.0
vamp_svd_r8_repair005,ae101c7f8b800eed7ae750626b2d1db93697b662160356b34e2df60989a3489e,validation,frozen_prompt_centroid,5,1,C-STANCE,42.0
vamp_svd_r8_repair005,ae101c7f8b800eed7ae750626b2d1db93697b662160356b34e2df60989a3489e,validation,prompt_nll,5,1,C-STANCE,1.0
vamp_svd_r8_repair005,ae101c7f8b800eed7ae750626b2d1db93697b662160356b34e2df60989a3489e,validation,task_aware,5,1,C-STANCE,42.0
vamp_svd_r8_repair005,ae101c7f8b800eed7ae750626b2d1db93697b662160356b34e2df60989a3489e,test,answer_oracle,5,3,MeetingBank,33.922085306375564
vamp_svd_r8_repair005,ae101c7f8b800eed7ae750626b2d1db93697b662160356b34e2df60989a3489e,test,frozen_prompt_centroid,5,3,MeetingBank,30.468972094793266
vamp_svd_r8_repair005,ae101c7f8b800eed7ae750626b2d1db93697b662160356b34e2df60989a3489e,test,prompt_nll,5,3,MeetingBank,18.710983306869945
vamp_svd_r8_repair005,ae101c7f8b800eed7ae750626b2d1db93697b662160356b34e2df60989a3489e,test,task_aware,5,3,MeetingBank,30.468972094793266
vamp_svd_r8_repair005,ae101c7f8b800eed7ae750626b2d1db93697b662160356b34e2df60989a3489e,validation,answer_oracle,5,3,MeetingBank,29.711439825739813
vamp_svd_r8_repair005,ae101c7f8b800eed7ae750626b2d1db93697b662160356b34e2df60989a3489e,validation,frozen_prompt_centroid,5,3,MeetingBank,26.2438080251978
vamp_svd_r8_repair005,ae101c7f8b800eed7ae750626b2d1db93697b662160356b34e2df60989a3489e,validation,prompt_nll,5,3,MeetingBank,18.295980764630922
vamp_svd_r8_repair005,ae101c7f8b800eed7ae750626b2d1db93697b662160356b34e2df60989a3489e,validation,task_aware,5,3,MeetingBank,26.2438080251978
vamp_svd_r8_repair005,ae101c7f8b800eed7ae750626b2d1db93697b662160356b34e2df60989a3489e,test,answer_oracle,5,4,Py150,53.34
vamp_svd_r8_repair005,ae101c7f8b800eed7ae750626b2d1db93697b662160356b34e2df60989a3489e,test,frozen_prompt_centroid,5,4,Py150,53.01
vamp_svd_r8_repair005,ae101c7f8b800eed7ae750626b2d1db93697b662160356b34e2df60989a3489e,test,prompt_nll,5,4,Py150,6.07
vamp_svd_r8_repair005,ae101c7f8b800eed7ae750626b2d1db93697b662160356b34e2df60989a3489e,test,task_aware,5,4,Py150,53.01
vamp_svd_r8_repair005,ae101c7f8b800eed7ae750626b2d1db93697b662160356b34e2df60989a3489e,validation,answer_oracle,5,4,Py150,53.93
vamp_svd_r8_repair005,ae101c7f8b800eed7ae750626b2d1db93697b662160356b34e2df60989a3489e,validation,frozen_prompt_centroid,5,4,Py150,53.55
vamp_svd_r8_repair005,ae101c7f8b800eed7ae750626b2d1db93697b662160356b34e2df60989a3489e,validation,prompt_nll,5,4,Py150,6.06
vamp_svd_r8_repair005,ae101c7f8b800eed7ae750626b2d1db93697b662160356b34e2df60989a3489e,validation,task_aware,5,4,Py150,53.55
vamp_svd_r8_repair005,ae101c7f8b800eed7ae750626b2d1db93697b662160356b34e2df60989a3489e,test,answer_oracle,6,2,FOMC,42.0
vamp_svd_r8_repair005,ae101c7f8b800eed7ae750626b2d1db93697b662160356b34e2df60989a3489e,test,frozen_prompt_centroid,6,2,FOMC,22.0
vamp_svd_r8_repair005,ae101c7f8b800eed7ae750626b2d1db93697b662160356b34e2df60989a3489e,test,prompt_nll,6,2,FOMC,2.0
vamp_svd_r8_repair005,ae101c7f8b800eed7ae750626b2d1db93697b662160356b34e2df60989a3489e,test,task_aware,6,2,FOMC,22.0
vamp_svd_r8_repair005,ae101c7f8b800eed7ae750626b2d1db93697b662160356b34e2df60989a3489e,validation,answer_oracle,6,2,FOMC,48.0
vamp_svd_r8_repair005,ae101c7f8b800eed7ae750626b2d1db93697b662160356b34e2df60989a3489e,validation,frozen_prompt_centroid,6,2,FOMC,26.0
vamp_svd_r8_repair005,ae101c7f8b800eed7ae750626b2d1db93697b662160356b34e2df60989a3489e,validation,prompt_nll,6,2,FOMC,3.0
vamp_svd_r8_repair005,ae101c7f8b800eed7ae750626b2d1db93697b662160356b34e2df60989a3489e,validation,task_aware,6,2,FOMC,26.0
vamp_svd_r8_repair005,ae101c7f8b800eed7ae750626b2d1db93697b662160356b34e2df60989a3489e,test,answer_oracle,7,2,FOMC,31.0
vamp_svd_r8_repair005,ae101c7f8b800eed7ae750626b2d1db93697b662160356b34e2df60989a3489e,test,frozen_prompt_centroid,7,2,FOMC,0.0
vamp_svd_r8_repair005,ae101c7f8b800eed7ae750626b2d1db93697b662160356b34e2df60989a3489e,test,prompt_nll,7,2,FOMC,0.0
vamp_svd_r8_repair005,ae101c7f8b800eed7ae750626b2d1db93697b662160356b34e2df60989a3489e,test,task_aware,7,2,FOMC,27.0
vamp_svd_r8_repair005,ae101c7f8b800eed7ae750626b2d1db93697b662160356b34e2df60989a3489e,validation,answer_oracle,7,2,FOMC,37.0
vamp_svd_r8_repair005,ae101c7f8b800eed7ae750626b2d1db93697b662160356b34e2df60989a3489e,validation,frozen_prompt_centroid,7,2,FOMC,0.0
vamp_svd_r8_repair005,ae101c7f8b800eed7ae750626b2d1db93697b662160356b34e2df60989a3489e,validation,prompt_nll,7,2,FOMC,0.0
vamp_svd_r8_repair005,ae101c7f8b800eed7ae750626b2d1db93697b662160356b34e2df60989a3489e,validation,task_aware,7,2,FOMC,33.0
vamp_svd_r8_repair005,ae101c7f8b800eed7ae750626b2d1db93697b662160356b34e2df60989a3489e,test,answer_oracle,7,3,MeetingBank,27.404347191563915
vamp_svd_r8_repair005,ae101c7f8b800eed7ae750626b2d1db93697b662160356b34e2df60989a3489e,test,frozen_prompt_centroid,7,3,MeetingBank,18.166278476852906
vamp_svd_r8_repair005,ae101c7f8b800eed7ae750626b2d1db93697b662160356b34e2df60989a3489e,test,prompt_nll,7,3,MeetingBank,19.80685399564212
vamp_svd_r8_repair005,ae101c7f8b800eed7ae750626b2d1db93697b662160356b34e2df60989a3489e,test,task_aware,7,3,MeetingBank,19.594870110540544
vamp_svd_r8_repair005,ae101c7f8b800eed7ae750626b2d1db93697b662160356b34e2df60989a3489e,validation,answer_oracle,7,3,MeetingBank,25.282786610606962
vamp_svd_r8_repair005,ae101c7f8b800eed7ae750626b2d1db93697b662160356b34e2df60989a3489e,validation,frozen_prompt_centroid,7,3,MeetingBank,17.42743191249062
vamp_svd_r8_repair005,ae101c7f8b800eed7ae750626b2d1db93697b662160356b34e2df60989a3489e,validation,prompt_nll,7,3,MeetingBank,18.58330209184489
vamp_svd_r8_repair005,ae101c7f8b800eed7ae750626b2d1db93697b662160356b34e2df60989a3489e,validation,task_aware,7,3,MeetingBank,19.821802555595347
vamp_svd_r8_repair005,ae101c7f8b800eed7ae750626b2d1db93697b662160356b34e2df60989a3489e,test,answer_oracle,7,6,NumGLUE-cm,28.395061728395063
vamp_svd_r8_repair005,ae101c7f8b800eed7ae750626b2d1db93697b662160356b34e2df60989a3489e,test,frozen_prompt_centroid,7,6,NumGLUE-cm,17.28395061728395
vamp_svd_r8_repair005,ae101c7f8b800eed7ae750626b2d1db93697b662160356b34e2df60989a3489e,test,prompt_nll,7,6,NumGLUE-cm,8.641975308641975
vamp_svd_r8_repair005,ae101c7f8b800eed7ae750626b2d1db93697b662160356b34e2df60989a3489e,test,task_aware,7,6,NumGLUE-cm,18.51851851851852
vamp_svd_r8_repair005,ae101c7f8b800eed7ae750626b2d1db93697b662160356b34e2df60989a3489e,validation,answer_oracle,7,6,NumGLUE-cm,56.09756097560975
vamp_svd_r8_repair005,ae101c7f8b800eed7ae750626b2d1db93697b662160356b34e2df60989a3489e,validation,frozen_prompt_centroid,7,6,NumGLUE-cm,41.46341463414634
vamp_svd_r8_repair005,ae101c7f8b800eed7ae750626b2d1db93697b662160356b34e2df60989a3489e,validation,prompt_nll,7,6,NumGLUE-cm,17.073170731707318
vamp_svd_r8_repair005,ae101c7f8b800eed7ae750626b2d1db93697b662160356b34e2df60989a3489e,validation,task_aware,7,6,NumGLUE-cm,39.02439024390244
vamp_svd_r8_repair005,ae101c7f8b800eed7ae750626b2d1db93697b662160356b34e2df60989a3489e,test,answer_oracle,7,5,ScienceQA,82.0
vamp_svd_r8_repair005,ae101c7f8b800eed7ae750626b2d1db93697b662160356b34e2df60989a3489e,test,frozen_prompt_centroid,7,5,ScienceQA,67.0
vamp_svd_r8_repair005,ae101c7f8b800eed7ae750626b2d1db93697b662160356b34e2df60989a3489e,test,prompt_nll,7,5,ScienceQA,68.0
vamp_svd_r8_repair005,ae101c7f8b800eed7ae750626b2d1db93697b662160356b34e2df60989a3489e,test,task_aware,7,5,ScienceQA,66.0
vamp_svd_r8_repair005,ae101c7f8b800eed7ae750626b2d1db93697b662160356b34e2df60989a3489e,validation,answer_oracle,7,5,ScienceQA,87.0
vamp_svd_r8_repair005,ae101c7f8b800eed7ae750626b2d1db93697b662160356b34e2df60989a3489e,validation,frozen_prompt_centroid,7,5,ScienceQA,72.0
vamp_svd_r8_repair005,ae101c7f8b800eed7ae750626b2d1db93697b662160356b34e2df60989a3489e,validation,prompt_nll,7,5,ScienceQA,74.0
vamp_svd_r8_repair005,ae101c7f8b800eed7ae750626b2d1db93697b662160356b34e2df60989a3489e,validation,task_aware,7,5,ScienceQA,75.0
vamp_svd_r8_repair005,ae101c7f8b800eed7ae750626b2d1db93697b662160356b34e2df60989a3489e,test,answer_oracle,8,8,20Minuten,42.52904440927343
vamp_svd_r8_repair005,ae101c7f8b800eed7ae750626b2d1db93697b662160356b34e2df60989a3489e,test,frozen_prompt_centroid,8,8,20Minuten,38.77072381846888
vamp_svd_r8_repair005,ae101c7f8b800eed7ae750626b2d1db93697b662160356b34e2df60989a3489e,test,prompt_nll,8,8,20Minuten,36.194638464127436
vamp_svd_r8_repair005,ae101c7f8b800eed7ae750626b2d1db93697b662160356b34e2df60989a3489e,test,task_aware,8,8,20Minuten,38.883014069269414
vamp_svd_r8_repair005,ae101c7f8b800eed7ae750626b2d1db93697b662160356b34e2df60989a3489e,validation,answer_oracle,8,8,20Minuten,42.830747714447426
vamp_svd_r8_repair005,ae101c7f8b800eed7ae750626b2d1db93697b662160356b34e2df60989a3489e,validation,frozen_prompt_centroid,8,8,20Minuten,38.845837791474146
vamp_svd_r8_repair005,ae101c7f8b800eed7ae750626b2d1db93697b662160356b34e2df60989a3489e,validation,prompt_nll,8,8,20Minuten,36.77474929992511
vamp_svd_r8_repair005,ae101c7f8b800eed7ae750626b2d1db93697b662160356b34e2df60989a3489e,validation,task_aware,8,8,20Minuten,39.09107616114997
vamp_svd_r8_repair005,ae101c7f8b800eed7ae750626b2d1db93697b662160356b34e2df60989a3489e,test,answer_oracle,8,1,C-STANCE,54.0
vamp_svd_r8_repair005,ae101c7f8b800eed7ae750626b2d1db93697b662160356b34e2df60989a3489e,test,frozen_prompt_centroid,8,1,C-STANCE,54.0
vamp_svd_r8_repair005,ae101c7f8b800eed7ae750626b2d1db93697b662160356b34e2df60989a3489e,test,prompt_nll,8,1,C-STANCE,4.0
vamp_svd_r8_repair005,ae101c7f8b800eed7ae750626b2d1db93697b662160356b34e2df60989a3489e,test,task_aware,8,1,C-STANCE,54.0
vamp_svd_r8_repair005,ae101c7f8b800eed7ae750626b2d1db93697b662160356b34e2df60989a3489e,validation,answer_oracle,8,1,C-STANCE,40.0
vamp_svd_r8_repair005,ae101c7f8b800eed7ae750626b2d1db93697b662160356b34e2df60989a3489e,validation,frozen_prompt_centroid,8,1,C-STANCE,32.0
vamp_svd_r8_repair005,ae101c7f8b800eed7ae750626b2d1db93697b662160356b34e2df60989a3489e,validation,prompt_nll,8,1,C-STANCE,2.0
vamp_svd_r8_repair005,ae101c7f8b800eed7ae750626b2d1db93697b662160356b34e2df60989a3489e,validation,task_aware,8,1,C-STANCE,32.0
vamp_svd_r8_repair005,ae101c7f8b800eed7ae750626b2d1db93697b662160356b34e2df60989a3489e,test,answer_oracle,8,2,FOMC,29.0
vamp_svd_r8_repair005,ae101c7f8b800eed7ae750626b2d1db93697b662160356b34e2df60989a3489e,test,frozen_prompt_centroid,8,2,FOMC,0.0
vamp_svd_r8_repair005,ae101c7f8b800eed7ae750626b2d1db93697b662160356b34e2df60989a3489e,test,prompt_nll,8,2,FOMC,0.0
vamp_svd_r8_repair005,ae101c7f8b800eed7ae750626b2d1db93697b662160356b34e2df60989a3489e,test,task_aware,8,2,FOMC,25.0
vamp_svd_r8_repair005,ae101c7f8b800eed7ae750626b2d1db93697b662160356b34e2df60989a3489e,validation,answer_oracle,8,2,FOMC,30.0
vamp_svd_r8_repair005,ae101c7f8b800eed7ae750626b2d1db93697b662160356b34e2df60989a3489e,validation,frozen_prompt_centroid,8,2,FOMC,0.0
vamp_svd_r8_repair005,ae101c7f8b800eed7ae750626b2d1db93697b662160356b34e2df60989a3489e,validation,prompt_nll,8,2,FOMC,0.0
vamp_svd_r8_repair005,ae101c7f8b800eed7ae750626b2d1db93697b662160356b34e2df60989a3489e,validation,task_aware,8,2,FOMC,26.0
vamp_svd_r8_repair005,ae101c7f8b800eed7ae750626b2d1db93697b662160356b34e2df60989a3489e,test,answer_oracle,8,7,NumGLUE-ds,51.0
vamp_svd_r8_repair005,ae101c7f8b800eed7ae750626b2d1db93697b662160356b34e2df60989a3489e,test,frozen_prompt_centroid,8,7,NumGLUE-ds,44.0
vamp_svd_r8_repair005,ae101c7f8b800eed7ae750626b2d1db93697b662160356b34e2df60989a3489e,test,prompt_nll,8,7,NumGLUE-ds,21.0
vamp_svd_r8_repair005,ae101c7f8b800eed7ae750626b2d1db93697b662160356b34e2df60989a3489e,test,task_aware,8,7,NumGLUE-ds,44.0
vamp_svd_r8_repair005,ae101c7f8b800eed7ae750626b2d1db93697b662160356b34e2df60989a3489e,validation,answer_oracle,8,7,NumGLUE-ds,44.0
vamp_svd_r8_repair005,ae101c7f8b800eed7ae750626b2d1db93697b662160356b34e2df60989a3489e,validation,frozen_prompt_centroid,8,7,NumGLUE-ds,39.0
vamp_svd_r8_repair005,ae101c7f8b800eed7ae750626b2d1db93697b662160356b34e2df60989a3489e,validation,prompt_nll,8,7,NumGLUE-ds,15.0
vamp_svd_r8_repair005,ae101c7f8b800eed7ae750626b2d1db93697b662160356b34e2df60989a3489e,validation,task_aware,8,7,NumGLUE-ds,38.0
vamp_svd_r8_repair005,ae101c7f8b800eed7ae750626b2d1db93697b662160356b34e2df60989a3489e,test,answer_oracle,8,4,Py150,37.34
vamp_svd_r8_repair005,ae101c7f8b800eed7ae750626b2d1db93697b662160356b34e2df60989a3489e,test,frozen_prompt_centroid,8,4,Py150,37.09
vamp_svd_r8_repair005,ae101c7f8b800eed7ae750626b2d1db93697b662160356b34e2df60989a3489e,test,prompt_nll,8,4,Py150,10.31
vamp_svd_r8_repair005,ae101c7f8b800eed7ae750626b2d1db93697b662160356b34e2df60989a3489e,test,task_aware,8,4,Py150,37.09
vamp_svd_r8_repair005,ae101c7f8b800eed7ae750626b2d1db93697b662160356b34e2df60989a3489e,validation,answer_oracle,8,4,Py150,34.46
vamp_svd_r8_repair005,ae101c7f8b800eed7ae750626b2d1db93697b662160356b34e2df60989a3489e,validation,frozen_prompt_centroid,8,4,Py150,34.28
vamp_svd_r8_repair005,ae101c7f8b800eed7ae750626b2d1db93697b662160356b34e2df60989a3489e,validation,prompt_nll,8,4,Py150,4.78
vamp_svd_r8_repair005,ae101c7f8b800eed7ae750626b2d1db93697b662160356b34e2df60989a3489e,validation,task_aware,8,4,Py150,34.28
vamp_svd_r8_repair005,ae101c7f8b800eed7ae750626b2d1db93697b662160356b34e2df60989a3489e,test,answer_oracle,8,5,ScienceQA,86.0
vamp_svd_r8_repair005,ae101c7f8b800eed7ae750626b2d1db93697b662160356b34e2df60989a3489e,test,frozen_prompt_centroid,8,5,ScienceQA,62.0
vamp_svd_r8_repair005,ae101c7f8b800eed7ae750626b2d1db93697b662160356b34e2df60989a3489e,test,prompt_nll,8,5,ScienceQA,67.0
vamp_svd_r8_repair005,ae101c7f8b800eed7ae750626b2d1db93697b662160356b34e2df60989a3489e,test,task_aware,8,5,ScienceQA,66.0
vamp_svd_r8_repair005,ae101c7f8b800eed7ae750626b2d1db93697b662160356b34e2df60989a3489e,validation,answer_oracle,8,5,ScienceQA,91.0
vamp_svd_r8_repair005,ae101c7f8b800eed7ae750626b2d1db93697b662160356b34e2df60989a3489e,validation,frozen_prompt_centroid,8,5,ScienceQA,72.0
vamp_svd_r8_repair005,ae101c7f8b800eed7ae750626b2d1db93697b662160356b34e2df60989a3489e,validation,prompt_nll,8,5,ScienceQA,75.0
vamp_svd_r8_repair005,ae101c7f8b800eed7ae750626b2d1db93697b662160356b34e2df60989a3489e,validation,task_aware,8,5,ScienceQA,73.0
vamp_core_tsv_r8_scale03_repair005,f6efd136ccfdc34cc5e3b54607f1802f063a986aa0c678d5c8b92e7da2d34457,test,answer_oracle,1,1,C-STANCE,67.0
vamp_core_tsv_r8_scale03_repair005,f6efd136ccfdc34cc5e3b54607f1802f063a986aa0c678d5c8b92e7da2d34457,test,frozen_prompt_centroid,1,1,C-STANCE,47.0
vamp_core_tsv_r8_scale03_repair005,f6efd136ccfdc34cc5e3b54607f1802f063a986aa0c678d5c8b92e7da2d34457,test,prompt_nll,1,1,C-STANCE,30.0
vamp_core_tsv_r8_scale03_repair005,f6efd136ccfdc34cc5e3b54607f1802f063a986aa0c678d5c8b92e7da2d34457,test,task_aware,1,1,C-STANCE,53.0
vamp_core_tsv_r8_scale03_repair005,f6efd136ccfdc34cc5e3b54607f1802f063a986aa0c678d5c8b92e7da2d34457,validation,answer_oracle,1,1,C-STANCE,49.0
vamp_core_tsv_r8_scale03_repair005,f6efd136ccfdc34cc5e3b54607f1802f063a986aa0c678d5c8b92e7da2d34457,validation,frozen_prompt_centroid,1,1,C-STANCE,38.0
vamp_core_tsv_r8_scale03_repair005,f6efd136ccfdc34cc5e3b54607f1802f063a986aa0c678d5c8b92e7da2d34457,validation,prompt_nll,1,1,C-STANCE,23.0
vamp_core_tsv_r8_scale03_repair005,f6efd136ccfdc34cc5e3b54607f1802f063a986aa0c678d5c8b92e7da2d34457,validation,task_aware,1,1,C-STANCE,40.0
vamp_core_tsv_r8_scale03_repair005,f6efd136ccfdc34cc5e3b54607f1802f063a986aa0c678d5c8b92e7da2d34457,test,answer_oracle,2,2,FOMC,36.0
vamp_core_tsv_r8_scale03_repair005,f6efd136ccfdc34cc5e3b54607f1802f063a986aa0c678d5c8b92e7da2d34457,test,frozen_prompt_centroid,2,2,FOMC,15.0
vamp_core_tsv_r8_scale03_repair005,f6efd136ccfdc34cc5e3b54607f1802f063a986aa0c678d5c8b92e7da2d34457,test,prompt_nll,2,2,FOMC,0.0
vamp_core_tsv_r8_scale03_repair005,f6efd136ccfdc34cc5e3b54607f1802f063a986aa0c678d5c8b92e7da2d34457,test,task_aware,2,2,FOMC,31.0
vamp_core_tsv_r8_scale03_repair005,f6efd136ccfdc34cc5e3b54607f1802f063a986aa0c678d5c8b92e7da2d34457,validation,answer_oracle,2,2,FOMC,38.0
vamp_core_tsv_r8_scale03_repair005,f6efd136ccfdc34cc5e3b54607f1802f063a986aa0c678d5c8b92e7da2d34457,validation,frozen_prompt_centroid,2,2,FOMC,17.0
vamp_core_tsv_r8_scale03_repair005,f6efd136ccfdc34cc5e3b54607f1802f063a986aa0c678d5c8b92e7da2d34457,validation,prompt_nll,2,2,FOMC,3.0
vamp_core_tsv_r8_scale03_repair005,f6efd136ccfdc34cc5e3b54607f1802f063a986aa0c678d5c8b92e7da2d34457,validation,task_aware,2,2,FOMC,31.0
vamp_core_tsv_r8_scale03_repair005,f6efd136ccfdc34cc5e3b54607f1802f063a986aa0c678d5c8b92e7da2d34457,test,answer_oracle,4,4,Py150,60.36
vamp_core_tsv_r8_scale03_repair005,f6efd136ccfdc34cc5e3b54607f1802f063a986aa0c678d5c8b92e7da2d34457,test,frozen_prompt_centroid,4,4,Py150,47.32
vamp_core_tsv_r8_scale03_repair005,f6efd136ccfdc34cc5e3b54607f1802f063a986aa0c678d5c8b92e7da2d34457,test,prompt_nll,4,4,Py150,10.39
vamp_core_tsv_r8_scale03_repair005,f6efd136ccfdc34cc5e3b54607f1802f063a986aa0c678d5c8b92e7da2d34457,test,task_aware,4,4,Py150,55.39
vamp_core_tsv_r8_scale03_repair005,f6efd136ccfdc34cc5e3b54607f1802f063a986aa0c678d5c8b92e7da2d34457,validation,answer_oracle,4,4,Py150,59.82
vamp_core_tsv_r8_scale03_repair005,f6efd136ccfdc34cc5e3b54607f1802f063a986aa0c678d5c8b92e7da2d34457,validation,frozen_prompt_centroid,4,4,Py150,38.46
vamp_core_tsv_r8_scale03_repair005,f6efd136ccfdc34cc5e3b54607f1802f063a986aa0c678d5c8b92e7da2d34457,validation,prompt_nll,4,4,Py150,6.79
vamp_core_tsv_r8_scale03_repair005,f6efd136ccfdc34cc5e3b54607f1802f063a986aa0c678d5c8b92e7da2d34457,validation,task_aware,4,4,Py150,54.04
vamp_core_tsv_r8_scale03_repair005,f6efd136ccfdc34cc5e3b54607f1802f063a986aa0c678d5c8b92e7da2d34457,test,answer_oracle,5,1,C-STANCE,39.0
vamp_core_tsv_r8_scale03_repair005,f6efd136ccfdc34cc5e3b54607f1802f063a986aa0c678d5c8b92e7da2d34457,test,frozen_prompt_centroid,5,1,C-STANCE,39.0
vamp_core_tsv_r8_scale03_repair005,f6efd136ccfdc34cc5e3b54607f1802f063a986aa0c678d5c8b92e7da2d34457,test,prompt_nll,5,1,C-STANCE,18.0
vamp_core_tsv_r8_scale03_repair005,f6efd136ccfdc34cc5e3b54607f1802f063a986aa0c678d5c8b92e7da2d34457,test,task_aware,5,1,C-STANCE,39.0
vamp_core_tsv_r8_scale03_repair005,f6efd136ccfdc34cc5e3b54607f1802f063a986aa0c678d5c8b92e7da2d34457,validation,answer_oracle,5,1,C-STANCE,35.0
vamp_core_tsv_r8_scale03_repair005,f6efd136ccfdc34cc5e3b54607f1802f063a986aa0c678d5c8b92e7da2d34457,validation,frozen_prompt_centroid,5,1,C-STANCE,35.0
vamp_core_tsv_r8_scale03_repair005,f6efd136ccfdc34cc5e3b54607f1802f063a986aa0c678d5c8b92e7da2d34457,validation,prompt_nll,5,1,C-STANCE,9.0
vamp_core_tsv_r8_scale03_repair005,f6efd136ccfdc34cc5e3b54607f1802f063a986aa0c678d5c8b92e7da2d34457,validation,task_aware,5,1,C-STANCE,35.0
vamp_core_tsv_r8_scale03_repair005,f6efd136ccfdc34cc5e3b54607f1802f063a986aa0c678d5c8b92e7da2d34457,test,answer_oracle,5,4,Py150,5.51
vamp_core_tsv_r8_scale03_repair005,f6efd136ccfdc34cc5e3b54607f1802f063a986aa0c678d5c8b92e7da2d34457,test,frozen_prompt_centroid,5,4,Py150,4.97
vamp_core_tsv_r8_scale03_repair005,f6efd136ccfdc34cc5e3b54607f1802f063a986aa0c678d5c8b92e7da2d34457,test,prompt_nll,5,4,Py150,5.02
vamp_core_tsv_r8_scale03_repair005,f6efd136ccfdc34cc5e3b54607f1802f063a986aa0c678d5c8b92e7da2d34457,test,task_aware,5,4,Py150,4.97
vamp_core_tsv_r8_scale03_repair005,f6efd136ccfdc34cc5e3b54607f1802f063a986aa0c678d5c8b92e7da2d34457,validation,answer_oracle,5,4,Py150,5.01
vamp_core_tsv_r8_scale03_repair005,f6efd136ccfdc34cc5e3b54607f1802f063a986aa0c678d5c8b92e7da2d34457,validation,frozen_prompt_centroid,5,4,Py150,4.47
vamp_core_tsv_r8_scale03_repair005,f6efd136ccfdc34cc5e3b54607f1802f063a986aa0c678d5c8b92e7da2d34457,validation,prompt_nll,5,4,Py150,4.43
vamp_core_tsv_r8_scale03_repair005,f6efd136ccfdc34cc5e3b54607f1802f063a986aa0c678d5c8b92e7da2d34457,validation,task_aware,5,4,Py150,4.47
vamp_core_tsv_r8_scale03_repair005,f6efd136ccfdc34cc5e3b54607f1802f063a986aa0c678d5c8b92e7da2d34457,test,answer_oracle,6,2,FOMC,10.0
vamp_core_tsv_r8_scale03_repair005,f6efd136ccfdc34cc5e3b54607f1802f063a986aa0c678d5c8b92e7da2d34457,test,frozen_prompt_centroid,6,2,FOMC,3.0
vamp_core_tsv_r8_scale03_repair005,f6efd136ccfdc34cc5e3b54607f1802f063a986aa0c678d5c8b92e7da2d34457,test,prompt_nll,6,2,FOMC,3.0
vamp_core_tsv_r8_scale03_repair005,f6efd136ccfdc34cc5e3b54607f1802f063a986aa0c678d5c8b92e7da2d34457,test,task_aware,6,2,FOMC,5.0
vamp_core_tsv_r8_scale03_repair005,f6efd136ccfdc34cc5e3b54607f1802f063a986aa0c678d5c8b92e7da2d34457,validation,answer_oracle,6,2,FOMC,11.0
vamp_core_tsv_r8_scale03_repair005,f6efd136ccfdc34cc5e3b54607f1802f063a986aa0c678d5c8b92e7da2d34457,validation,frozen_prompt_centroid,6,2,FOMC,5.0
vamp_core_tsv_r8_scale03_repair005,f6efd136ccfdc34cc5e3b54607f1802f063a986aa0c678d5c8b92e7da2d34457,validation,prompt_nll,6,2,FOMC,5.0
vamp_core_tsv_r8_scale03_repair005,f6efd136ccfdc34cc5e3b54607f1802f063a986aa0c678d5c8b92e7da2d34457,validation,task_aware,6,2,FOMC,7.0
vamp_core_tsv_r8_scale03_repair005,f6efd136ccfdc34cc5e3b54607f1802f063a986aa0c678d5c8b92e7da2d34457,test,answer_oracle,6,6,NumGLUE-cm,35.80246913580247
vamp_core_tsv_r8_scale03_repair005,f6efd136ccfdc34cc5e3b54607f1802f063a986aa0c678d5c8b92e7da2d34457,test,frozen_prompt_centroid,6,6,NumGLUE-cm,18.51851851851852
vamp_core_tsv_r8_scale03_repair005,f6efd136ccfdc34cc5e3b54607f1802f063a986aa0c678d5c8b92e7da2d34457,test,prompt_nll,6,6,NumGLUE-cm,11.11111111111111
vamp_core_tsv_r8_scale03_repair005,f6efd136ccfdc34cc5e3b54607f1802f063a986aa0c678d5c8b92e7da2d34457,test,task_aware,6,6,NumGLUE-cm,22.22222222222222
vamp_core_tsv_r8_scale03_repair005,f6efd136ccfdc34cc5e3b54607f1802f063a986aa0c678d5c8b92e7da2d34457,validation,answer_oracle,6,6,NumGLUE-cm,58.53658536585366
vamp_core_tsv_r8_scale03_repair005,f6efd136ccfdc34cc5e3b54607f1802f063a986aa0c678d5c8b92e7da2d34457,validation,frozen_prompt_centroid,6,6,NumGLUE-cm,39.02439024390244
vamp_core_tsv_r8_scale03_repair005,f6efd136ccfdc34cc5e3b54607f1802f063a986aa0c678d5c8b92e7da2d34457,validation,prompt_nll,6,6,NumGLUE-cm,12.195121951219512
vamp_core_tsv_r8_scale03_repair005,f6efd136ccfdc34cc5e3b54607f1802f063a986aa0c678d5c8b92e7da2d34457,validation,task_aware,6,6,NumGLUE-cm,36.58536585365854
vamp_core_tsv_r8_scale03_repair005,f6efd136ccfdc34cc5e3b54607f1802f063a986aa0c678d5c8b92e7da2d34457,test,answer_oracle,6,5,ScienceQA,74.0
vamp_core_tsv_r8_scale03_repair005,f6efd136ccfdc34cc5e3b54607f1802f063a986aa0c678d5c8b92e7da2d34457,test,frozen_prompt_centroid,6,5,ScienceQA,68.0
vamp_core_tsv_r8_scale03_repair005,f6efd136ccfdc34cc5e3b54607f1802f063a986aa0c678d5c8b92e7da2d34457,test,prompt_nll,6,5,ScienceQA,68.0
vamp_core_tsv_r8_scale03_repair005,f6efd136ccfdc34cc5e3b54607f1802f063a986aa0c678d5c8b92e7da2d34457,test,task_aware,6,5,ScienceQA,69.0
vamp_core_tsv_r8_scale03_repair005,f6efd136ccfdc34cc5e3b54607f1802f063a986aa0c678d5c8b92e7da2d34457,validation,answer_oracle,6,5,ScienceQA,87.0
vamp_core_tsv_r8_scale03_repair005,f6efd136ccfdc34cc5e3b54607f1802f063a986aa0c678d5c8b92e7da2d34457,validation,frozen_prompt_centroid,6,5,ScienceQA,74.0
vamp_core_tsv_r8_scale03_repair005,f6efd136ccfdc34cc5e3b54607f1802f063a986aa0c678d5c8b92e7da2d34457,validation,prompt_nll,6,5,ScienceQA,73.0
vamp_core_tsv_r8_scale03_repair005,f6efd136ccfdc34cc5e3b54607f1802f063a986aa0c678d5c8b92e7da2d34457,validation,task_aware,6,5,ScienceQA,76.0
vamp_core_tsv_r8_scale03_repair005,f6efd136ccfdc34cc5e3b54607f1802f063a986aa0c678d5c8b92e7da2d34457,test,answer_oracle,7,3,MeetingBank,23.31771610195175
vamp_core_tsv_r8_scale03_repair005,f6efd136ccfdc34cc5e3b54607f1802f063a986aa0c678d5c8b92e7da2d34457,test,frozen_prompt_centroid,7,3,MeetingBank,18.166278476852906
vamp_core_tsv_r8_scale03_repair005,f6efd136ccfdc34cc5e3b54607f1802f063a986aa0c678d5c8b92e7da2d34457,test,prompt_nll,7,3,MeetingBank,18.15681187146661
vamp_core_tsv_r8_scale03_repair005,f6efd136ccfdc34cc5e3b54607f1802f063a986aa0c678d5c8b92e7da2d34457,test,task_aware,7,3,MeetingBank,18.74371526923035
vamp_core_tsv_r8_scale03_repair005,f6efd136ccfdc34cc5e3b54607f1802f063a986aa0c678d5c8b92e7da2d34457,validation,answer_oracle,7,3,MeetingBank,22.108114849115385
vamp_core_tsv_r8_scale03_repair005,f6efd136ccfdc34cc5e3b54607f1802f063a986aa0c678d5c8b92e7da2d34457,validation,frozen_prompt_centroid,7,3,MeetingBank,17.42743191249062
vamp_core_tsv_r8_scale03_repair005,f6efd136ccfdc34cc5e3b54607f1802f063a986aa0c678d5c8b92e7da2d34457,validation,prompt_nll,7,3,MeetingBank,17.597359453502474
vamp_core_tsv_r8_scale03_repair005,f6efd136ccfdc34cc5e3b54607f1802f063a986aa0c678d5c8b92e7da2d34457,validation,task_aware,7,3,MeetingBank,18.039696384643022
vamp_core_tsv_r8_scale03_repair005,f6efd136ccfdc34cc5e3b54607f1802f063a986aa0c678d5c8b92e7da2d34457,test,answer_oracle,7,5,ScienceQA,77.0
vamp_core_tsv_r8_scale03_repair005,f6efd136ccfdc34cc5e3b54607f1802f063a986aa0c678d5c8b92e7da2d34457,test,frozen_prompt_centroid,7,5,ScienceQA,67.0
vamp_core_tsv_r8_scale03_repair005,f6efd136ccfdc34cc5e3b54607f1802f063a986aa0c678d5c8b92e7da2d34457,test,prompt_nll,7,5,ScienceQA,68.0
vamp_core_tsv_r8_scale03_repair005,f6efd136ccfdc34cc5e3b54607f1802f063a986aa0c678d5c8b92e7da2d34457,test,task_aware,7,5,ScienceQA,67.0
vamp_core_tsv_r8_scale03_repair005,f6efd136ccfdc34cc5e3b54607f1802f063a986aa0c678d5c8b92e7da2d34457,validation,answer_oracle,7,5,ScienceQA,84.0
vamp_core_tsv_r8_scale03_repair005,f6efd136ccfdc34cc5e3b54607f1802f063a986aa0c678d5c8b92e7da2d34457,validation,frozen_prompt_centroid,7,5,ScienceQA,76.0
vamp_core_tsv_r8_scale03_repair005,f6efd136ccfdc34cc5e3b54607f1802f063a986aa0c678d5c8b92e7da2d34457,validation,prompt_nll,7,5,ScienceQA,73.0
vamp_core_tsv_r8_scale03_repair005,f6efd136ccfdc34cc5e3b54607f1802f063a986aa0c678d5c8b92e7da2d34457,validation,task_aware,7,5,ScienceQA,76.0
vamp_core_tsv_r8_scale03_repair005,f6efd136ccfdc34cc5e3b54607f1802f063a986aa0c678d5c8b92e7da2d34457,test,answer_oracle,8,8,20Minuten,42.24761489705007
vamp_core_tsv_r8_scale03_repair005,f6efd136ccfdc34cc5e3b54607f1802f063a986aa0c678d5c8b92e7da2d34457,test,frozen_prompt_centroid,8,8,20Minuten,38.60830659708886
vamp_core_tsv_r8_scale03_repair005,f6efd136ccfdc34cc5e3b54607f1802f063a986aa0c678d5c8b92e7da2d34457,test,prompt_nll,8,8,20Minuten,37.07568987301386
vamp_core_tsv_r8_scale03_repair005,f6efd136ccfdc34cc5e3b54607f1802f063a986aa0c678d5c8b92e7da2d34457,test,task_aware,8,8,20Minuten,38.90457439180993
vamp_core_tsv_r8_scale03_repair005,f6efd136ccfdc34cc5e3b54607f1802f063a986aa0c678d5c8b92e7da2d34457,validation,answer_oracle,8,8,20Minuten,42.06533583883362
vamp_core_tsv_r8_scale03_repair005,f6efd136ccfdc34cc5e3b54607f1802f063a986aa0c678d5c8b92e7da2d34457,validation,frozen_prompt_centroid,8,8,20Minuten,38.428247257052014
vamp_core_tsv_r8_scale03_repair005,f6efd136ccfdc34cc5e3b54607f1802f063a986aa0c678d5c8b92e7da2d34457,validation,prompt_nll,8,8,20Minuten,37.24485284582161
vamp_core_tsv_r8_scale03_repair005,f6efd136ccfdc34cc5e3b54607f1802f063a986aa0c678d5c8b92e7da2d34457,validation,task_aware,8,8,20Minuten,39.14089297342707
vamp_core_tsv_r8_scale03_repair005,f6efd136ccfdc34cc5e3b54607f1802f063a986aa0c678d5c8b92e7da2d34457,test,answer_oracle,8,1,C-STANCE,47.0
vamp_core_tsv_r8_scale03_repair005,f6efd136ccfdc34cc5e3b54607f1802f063a986aa0c678d5c8b92e7da2d34457,test,frozen_prompt_centroid,8,1,C-STANCE,40.0
vamp_core_tsv_r8_scale03_repair005,f6efd136ccfdc34cc5e3b54607f1802f063a986aa0c678d5c8b92e7da2d34457,test,prompt_nll,8,1,C-STANCE,33.0
vamp_core_tsv_r8_scale03_repair005,f6efd136ccfdc34cc5e3b54607f1802f063a986aa0c678d5c8b92e7da2d34457,test,task_aware,8,1,C-STANCE,40.0
vamp_core_tsv_r8_scale03_repair005,f6efd136ccfdc34cc5e3b54607f1802f063a986aa0c678d5c8b92e7da2d34457,validation,answer_oracle,8,1,C-STANCE,42.0
vamp_core_tsv_r8_scale03_repair005,f6efd136ccfdc34cc5e3b54607f1802f063a986aa0c678d5c8b92e7da2d34457,validation,frozen_prompt_centroid,8,1,C-STANCE,33.0
vamp_core_tsv_r8_scale03_repair005,f6efd136ccfdc34cc5e3b54607f1802f063a986aa0c678d5c8b92e7da2d34457,validation,prompt_nll,8,1,C-STANCE,22.0
vamp_core_tsv_r8_scale03_repair005,f6efd136ccfdc34cc5e3b54607f1802f063a986aa0c678d5c8b92e7da2d34457,validation,task_aware,8,1,C-STANCE,33.0
vamp_core_tsv_r8_scale03_repair005,f6efd136ccfdc34cc5e3b54607f1802f063a986aa0c678d5c8b92e7da2d34457,test,answer_oracle,8,2,FOMC,8.0
vamp_core_tsv_r8_scale03_repair005,f6efd136ccfdc34cc5e3b54607f1802f063a986aa0c678d5c8b92e7da2d34457,test,frozen_prompt_centroid,8,2,FOMC,0.0
vamp_core_tsv_r8_scale03_repair005,f6efd136ccfdc34cc5e3b54607f1802f063a986aa0c678d5c8b92e7da2d34457,test,prompt_nll,8,2,FOMC,2.0
vamp_core_tsv_r8_scale03_repair005,f6efd136ccfdc34cc5e3b54607f1802f063a986aa0c678d5c8b92e7da2d34457,test,task_aware,8,2,FOMC,8.0
vamp_core_tsv_r8_scale03_repair005,f6efd136ccfdc34cc5e3b54607f1802f063a986aa0c678d5c8b92e7da2d34457,validation,answer_oracle,8,2,FOMC,17.0
vamp_core_tsv_r8_scale03_repair005,f6efd136ccfdc34cc5e3b54607f1802f063a986aa0c678d5c8b92e7da2d34457,validation,frozen_prompt_centroid,8,2,FOMC,0.0
vamp_core_tsv_r8_scale03_repair005,f6efd136ccfdc34cc5e3b54607f1802f063a986aa0c678d5c8b92e7da2d34457,validation,prompt_nll,8,2,FOMC,4.0
vamp_core_tsv_r8_scale03_repair005,f6efd136ccfdc34cc5e3b54607f1802f063a986aa0c678d5c8b92e7da2d34457,validation,task_aware,8,2,FOMC,17.0
