condition,learned_permutation_count,active_node_count,accuracy,cross_entropy,training_examples,current_examples,historical_examples,epochs,total_training_wall_seconds,state_initialization_wall_seconds,data_preparation_wall_seconds,feature_wall_seconds,optimizer_wall_seconds,total_training_forward_example_passes,feature_forward_example_passes,integrator_forward_example_passes,integrator_backward_example_passes,feature_forward_calls,integrator_forward_calls,integrator_backward_calls,excluded_diagnostic_forward_example_passes,excluded_evaluation_examples,excluded_evaluation_feature_forward_example_passes,excluded_evaluation_integrator_forward_example_passes_per_condition
integrator_uniform_replay,1,1,0.82421875,0.8780616521835327,256,256,0,4,0.07266011834144592,0.0304778590798378,0.0,0.01648322492837906,0.025699034333229065,1280,256,1024,1024,1,8,8,512,256,256,256
full_replay_integrator_20_epochs,1,1,0.8203125,0.9646120071411133,256,256,0,20,0.14040455594658852,0.02459144778549671,0.00027983076870441437,0.00977160595357418,0.10576167143881321,5376,256,5120,5120,1,40,40,512,256,256,256
integrator_uniform_replay,2,1,0.826171875,0.8592020273208618,512,256,256,4,0.09205609560012817,0.0,0.0007126834243535995,0.024561600759625435,0.06678181141614914,2560,512,2048,2048,2,32,16,1024,512,512,512
full_replay_integrator_20_epochs,2,1,0.810546875,0.7688369154930115,512,512,0,20,0.24409360624849796,0.025822408497333527,0.0004098694771528244,0.014524860307574272,0.20333646796643734,10752,512,10240,10240,1,80,80,1024,512,512,512
integrator_uniform_replay,3,2,0.7200520634651184,1.0439220666885376,512,256,256,4,0.10368274711072445,0.0,0.000737631693482399,0.0301355067640543,0.07280960865318775,3072,1024,2048,2048,4,32,16,1024,768,1536,768
integrator_uniform_replay,4,1,0.8134765625,0.9182229042053223,512,256,256,4,0.09214074537158012,0.0,0.0008720885962247849,0.03162294253706932,0.05964571423828602,2560,512,2048,2048,2,32,16,1024,1024,1024,1024
full_replay_integrator_20_epochs,4,1,0.796875,0.7518434524536133,1024,1024,0,20,0.43741663359105587,0.03017888031899929,0.000593157485127449,0.013931594789028168,0.39271300099790096,21504,1024,20480,20480,1,160,160,2048,1024,1024,1024
integrator_uniform_replay,5,2,0.715624988079071,1.0387754440307617,512,256,256,4,0.10865415446460247,0.0,0.0011611972004175186,0.036544835194945335,0.07094812206923962,3072,1024,2048,2048,4,32,16,1024,1280,2560,1280
integrator_uniform_replay,6,2,0.6848958134651184,1.0940788984298706,512,256,256,4,0.11723574250936508,0.0,0.0011454671621322632,0.03842231072485447,0.07766796462237835,3072,1024,2048,2048,4,32,16,1024,1536,3072,1536
integrator_uniform_replay,7,3,0.6752232313156128,1.1574442386627197,512,256,256,4,0.13330143131315708,0.0,0.0012413877993822098,0.05370337888598442,0.07835666462779045,3584,1536,2048,2048,6,32,16,1024,1792,5376,1792
integrator_uniform_replay,8,1,0.796875,0.910027265548706,512,256,256,4,0.09494737535715103,0.0,0.0014247279614210129,0.02207561582326889,0.07144703157246113,2560,512,2048,2048,2,32,16,1024,2048,2048,2048
full_replay_integrator_20_epochs,8,1,0.8095703125,0.7378510236740112,2048,2048,0,20,0.8903423137962818,0.024331651628017426,0.0015601962804794312,0.024757103994488716,0.8396933618932962,43008,2048,40960,40960,1,320,320,4096,2048,2048,2048
integrator_uniform_replay,9,2,0.7374131679534912,1.0705962181091309,512,256,256,4,0.11161524429917336,0.0,0.0018170550465583801,0.03818672522902489,0.07161146402359009,3072,1024,2048,2048,4,32,16,1024,2304,4608,2304
integrator_uniform_replay,10,2,0.741015613079071,1.08193039894104,512,256,256,4,0.09568302892148495,0.0,0.0017717964947223663,0.029251134023070335,0.06466009840369225,3072,1024,2048,2048,4,32,16,1024,2560,5120,2560
full_replay_integrator_20_epochs,10,2,0.8031250238418579,0.9989432096481323,2560,2560,0,20,1.14905577711761,0.02422003261744976,0.0013041701167821884,0.0503123514354229,1.0732192229479551,56320,5120,51200,51200,4,400,400,5120,2560,5120,2560
integrator_uniform_replay,11,3,0.69140625,1.125044822692871,512,256,256,4,0.12054267339408398,0.0,0.002278883010149002,0.04248427413403988,0.0757795162498951,3584,1536,2048,2048,6,32,16,1024,2816,8448,2816
integrator_uniform_replay,12,2,0.7239583134651184,1.0556833744049072,512,256,256,4,0.1041874885559082,0.0,0.0020529422909021378,0.036313582211732864,0.0658209640532732,3072,1024,2048,2048,4,32,16,1024,3072,6144,3072
integrator_uniform_replay,13,3,0.7055288553237915,1.0521914958953857,512,256,256,4,0.11942512914538383,0.0,0.0024340078234672546,0.04808594100177288,0.0689051803201437,3584,1536,2048,2048,6,32,16,1024,3328,9984,3328
integrator_uniform_replay,14,3,0.7215401530265808,1.0180797576904297,512,256,256,4,0.10929274931550026,0.0,0.0027402807027101517,0.04392106458544731,0.0626314040273428,3584,1536,2048,2048,6,32,16,1024,3584,10752,3584
integrator_uniform_replay,15,4,0.6940104365348816,1.073086142539978,512,256,256,4,0.11586524173617363,0.0,0.0023848339915275574,0.0566504318267107,0.05682997591793537,4096,2048,2048,2048,8,32,16,1024,3840,15360,3840
integrator_uniform_replay,16,1,0.806884765625,0.8616979718208313,512,256,256,4,0.09819167107343674,0.0,0.0029935892671346664,0.022919051349163055,0.07227903045713902,2560,512,2048,2048,2,32,16,1024,4096,4096,4096
full_replay_integrator_20_epochs,16,1,0.808837890625,0.6642577648162842,4096,4096,0,20,1.8539004921913147,0.030324365943670273,0.002270147204399109,0.051440607756376266,1.769865371286869,86016,4096,81920,81920,2,640,640,8192,4096,4096,4096
integrator_uniform_replay,17,2,0.7545955777168274,0.9826546907424927,512,256,256,4,0.10256652534008026,0.0,0.003565588966012001,0.033751167356967926,0.06524976901710033,3072,1024,2048,2048,4,32,16,1024,4352,8704,4352
integrator_uniform_replay,18,2,0.7374131679534912,0.9987666010856628,512,256,256,4,0.09980146214365959,0.0,0.0035552196204662323,0.033914562314748764,0.062331680208444595,3072,1024,2048,2048,4,32,16,1024,4608,9216,4608
integrator_uniform_replay,19,3,0.7401315569877625,0.980915367603302,512,256,256,4,0.12384571135044098,0.0,0.004099501296877861,0.046891652047634125,0.072854558005929,3584,1536,2048,2048,6,32,16,1024,4864,14592,4864
integrator_uniform_replay,20,2,0.754687488079071,1.0148648023605347,512,256,256,4,0.11551682464778423,0.0,0.004360128194093704,0.038158658891916275,0.07299803756177425,3072,1024,2048,2048,4,32,16,1024,5120,10240,5120
integrator_uniform_replay,21,3,0.7442336082458496,0.9974555969238281,512,256,256,4,0.12755536288022995,0.0,0.004620380699634552,0.04798070527613163,0.07495427690446377,3584,1536,2048,2048,6,32,16,1024,5376,16128,5376
integrator_uniform_replay,22,3,0.7368608117103577,1.0150471925735474,512,256,256,4,0.11705599166452885,0.0,0.0036170557141304016,0.04663320071995258,0.06680573523044586,3584,1536,2048,2048,6,32,16,1024,5632,16896,5632
integrator_uniform_replay,23,4,0.7275815010070801,1.0060499906539917,512,256,256,4,0.13284129463136196,0.0,0.004326697438955307,0.05649350583553314,0.07202109135687351,4096,2048,2048,2048,8,32,16,1024,5888,23552,5888
integrator_uniform_replay,24,2,0.76220703125,0.9422219395637512,512,256,256,4,0.10378186777234077,0.0,0.004564264789223671,0.03538977541029453,0.06382782757282257,3072,1024,2048,2048,4,32,16,1024,6144,12288,6144
integrator_uniform_replay,25,3,0.7439062595367432,0.9470027685165405,512,256,256,4,0.1106108408421278,0.0,0.005307327955961227,0.04202556051313877,0.0632779523730278,3584,1536,2048,2048,6,32,16,1024,6400,19200,6400
integrator_uniform_replay,26,3,0.7400841116905212,0.9784424901008606,512,256,256,4,0.1185180265456438,0.0,0.006148930639028549,0.05031815730035305,0.06205093860626221,3584,1536,2048,2048,6,32,16,1024,6656,19968,6656
full_replay_integrator_20_epochs,26,3,0.7983773946762085,1.1072865724563599,6656,6656,0,20,2.950642369687557,0.020774943754076958,0.003571208566427231,0.1478446815162897,2.7784515358507633,153088,19968,133120,133120,12,1040,1040,13312,6656,19968,6656
integrator_uniform_replay,27,4,0.7287326455116272,1.0165162086486816,512,256,256,4,0.13116511143743992,0.0,0.005962833762168884,0.055064065381884575,0.07013821229338646,4096,2048,2048,2048,8,32,16,1024,6912,27648,6912
integrator_uniform_replay,28,3,0.7320033311843872,1.0225303173065186,512,256,256,4,0.12376399338245392,0.0,0.006184859201312065,0.04723851755261421,0.07034061662852764,3584,1536,2048,2048,6,32,16,1024,7168,21504,7168
integrator_uniform_replay,29,4,0.7277747988700867,1.0227285623550415,512,256,256,4,0.13684141263365746,0.0,0.006535110995173454,0.05879601091146469,0.07151029072701931,4096,2048,2048,2048,8,32,16,1024,7424,29696,7424
integrator_uniform_replay,30,4,0.7222656011581421,1.0067912340164185,512,256,256,4,0.12846513092517853,0.0,0.005755411460995674,0.05598175898194313,0.06672796048223972,4096,2048,2048,2048,8,32,16,1024,7680,30720,7680
integrator_uniform_replay,31,5,0.7431955933570862,0.954107403755188,512,256,256,4,0.15350314043462276,0.0,0.005888823419809341,0.06542332097887993,0.0821909960359335,4608,2560,2048,2048,10,32,16,1024,7936,39680,7936
integrator_uniform_replay,32,1,0.7808837890625,0.9175522327423096,512,256,256,4,0.11312662437558174,0.0,0.0067802611738443375,0.024433916434645653,0.08191244676709175,2560,512,2048,2048,2,32,16,1024,8192,8192,8192
integrator_uniform_replay,33,2,0.7771070003509521,0.9169399738311768,512,256,256,4,0.11357709020376205,0.0,0.007475739344954491,0.047748059034347534,0.05835329182446003,3072,1024,2048,2048,4,32,16,1024,8448,16896,8448
integrator_uniform_replay,34,2,0.7647058963775635,0.931710422039032,512,256,256,4,0.11348053067922592,0.0,0.008068118244409561,0.04022928886115551,0.06518312357366085,3072,1024,2048,2048,4,32,16,1024,8704,17408,8704
integrator_uniform_replay,35,3,0.7549107074737549,0.9577902555465698,512,256,256,4,0.11961929686367512,0.0,0.009164953604340553,0.046185558661818504,0.06426878459751606,3584,1536,2048,2048,6,32,16,1024,8960,26880,8960
integrator_uniform_replay,36,2,0.7682291865348816,0.9135251641273499,512,256,256,4,0.10034865327179432,0.0,0.007743207737803459,0.031041191890835762,0.0615642536431551,3072,1024,2048,2048,4,32,16,1024,9216,18432,9216
integrator_uniform_replay,37,3,0.7688978314399719,0.8614124655723572,512,256,256,4,0.1267446931451559,0.0,0.009508905932307243,0.050332922488451004,0.06690286472439766,3584,1536,2048,2048,6,32,16,1024,9472,28416,9472
integrator_uniform_replay,38,3,0.7487664222717285,0.9351432919502258,512,256,256,4,0.11937457323074341,0.0,0.010170774534344673,0.04615682549774647,0.06304697319865227,3584,1536,2048,2048,6,32,16,1024,9728,29184,9728
integrator_uniform_replay,39,4,0.7522035241127014,0.9370898604393005,512,256,256,4,0.15196825563907623,0.0,0.011224089190363884,0.06271218881011009,0.07803197763860226,4096,2048,2048,2048,8,32,16,1024,9984,39936,9984
integrator_uniform_replay,40,2,0.77001953125,0.9061066508293152,512,256,256,4,0.1183165293186903,0.0,0.008499447256326675,0.0320470817387104,0.07777000032365322,3072,1024,2048,2048,4,32,16,1024,10240,20480,10240
integrator_uniform_replay,41,3,0.7580030560493469,0.9106141328811646,512,256,256,4,0.1277153119444847,0.0,0.010799581184983253,0.04871907830238342,0.06819665245711803,3584,1536,2048,2048,6,32,16,1024,10496,31488,10496
full_replay_integrator_20_epochs,41,3,0.7923970818519592,1.11311936378479,10496,10496,0,20,4.755345212295651,0.029401950538158417,0.008154602721333504,0.24597098119556904,4.4718176778405905,241408,31488,209920,209920,18,1640,1640,20992,10496,31488,10496
integrator_uniform_replay,42,3,0.7549293041229248,0.9545920491218567,512,256,256,4,0.1413766462355852,0.0,0.011854395270347595,0.04972938261926174,0.07979286834597588,3584,1536,2048,2048,6,32,16,1024,10752,32256,10752
integrator_uniform_replay,43,4,0.7437318563461304,0.9255741834640503,512,256,256,4,0.14764509350061417,0.0,0.015339169651269913,0.06610422395169735,0.0662016998976469,4096,2048,2048,2048,8,32,16,1024,11008,44032,11008
integrator_uniform_replay,44,3,0.7638494372367859,0.9327706694602966,512,256,256,4,0.12268436513841152,0.0,0.014719421043992043,0.0407527219504118,0.06721222214400768,3584,1536,2048,2048,6,32,16,1024,11264,33792,11264
integrator_uniform_replay,45,4,0.7322916388511658,0.9956990480422974,512,256,256,4,0.1437481753528118,0.0,0.015866663306951523,0.059250324964523315,0.06863118708133698,4096,2048,2048,2048,8,32,16,1024,11520,46080,11520
integrator_uniform_replay,46,4,0.7325068116188049,1.056997299194336,512,256,256,4,0.12937930971384048,0.0,0.014329923316836357,0.05375735089182854,0.06129203550517559,4096,2048,2048,2048,8,32,16,1024,11776,47104,11776
integrator_uniform_replay,47,5,0.7111037373542786,1.0491752624511719,512,256,256,4,0.14944777637720108,0.0,0.013827236369252205,0.06813903898000717,0.0674815010279417,4608,2560,2048,2048,10,32,16,1024,12032,60160,12032
integrator_uniform_replay,48,2,0.7432454228401184,0.9415224194526672,512,256,256,4,0.12848170474171638,0.0,0.01769169233739376,0.03544113226234913,0.0753488801419735,3072,1024,2048,2048,4,32,16,1024,12288,24576,12288
integrator_uniform_replay,49,3,0.7340561151504517,0.9558181762695312,512,256,256,4,0.12894678302109241,0.0,0.016736336052417755,0.046341799199581146,0.06586864776909351,3584,1536,2048,2048,6,32,16,1024,12544,37632,12544
integrator_uniform_replay,50,3,0.7685156464576721,0.8823289275169373,512,256,256,4,0.14286484383046627,0.0,0.018304606899619102,0.0488643292337656,0.07569590769708157,3584,1536,2048,2048,6,32,16,1024,12800,38400,12800
integrator_uniform_replay,51,4,0.7473958134651184,0.919828474521637,512,256,256,4,0.15623508393764496,0.0,0.019491521641612053,0.06652967445552349,0.07021388784050941,4096,2048,2048,2048,8,32,16,1024,13056,52224,13056
integrator_uniform_replay,52,3,0.7269381284713745,1.067323088645935,512,256,256,4,0.1272409651428461,0.0,0.016973968595266342,0.04659693129360676,0.06367006525397301,3584,1536,2048,2048,6,32,16,1024,13312,39936,13312
integrator_uniform_replay,53,4,0.7457989454269409,0.9388484358787537,512,256,256,4,0.15768867917358875,0.0,0.01686515100300312,0.059320760890841484,0.08150276727974415,4096,2048,2048,2048,8,32,16,1024,13568,54272,13568
integrator_uniform_replay,54,4,0.7486979365348816,0.9634014964103699,512,256,256,4,0.13774335384368896,0.0,0.017606180161237717,0.054914262145757675,0.06522291153669357,4096,2048,2048,2048,8,32,16,1024,13824,55296,13824
integrator_uniform_replay,55,5,0.7330965995788574,0.9730799794197083,512,256,256,4,0.15063756704330444,0.0,0.01957825757563114,0.07334059290587902,0.05771871656179428,4608,2560,2048,2048,10,32,16,1024,14080,70400,14080
integrator_uniform_replay,56,3,0.7610909342765808,0.9525307416915894,512,256,256,4,0.13650417886674404,0.0,0.020409541204571724,0.05345879681408405,0.06263584084808826,3584,1536,2048,2048,6,32,16,1024,14336,43008,14336
integrator_uniform_replay,57,4,0.7060717940330505,1.030311942100525,512,256,256,4,0.15383801981806755,0.0,0.021535256877541542,0.06478746421635151,0.0675152987241745,4096,2048,2048,2048,8,32,16,1024,14592,58368,14592
integrator_uniform_replay,58,4,0.7453529238700867,0.9792037606239319,512,256,256,4,0.1500561684370041,0.0,0.01903778314590454,0.06328648515045643,0.06773190014064312,4096,2048,2048,2048,8,32,16,1024,14848,59392,14848
integrator_uniform_replay,59,5,0.729806661605835,1.00796377658844,512,256,256,4,0.15366201288998127,0.0,0.020539654418826103,0.06719497963786125,0.06592737883329391,4608,2560,2048,2048,10,32,16,1024,15104,75520,15104
integrator_uniform_replay,60,4,0.7178385257720947,1.0317528247833252,512,256,256,4,0.14756709896028042,0.0,0.018992116674780846,0.06252395920455456,0.06605102308094501,4096,2048,2048,2048,8,32,16,1024,15360,61440,15360
integrator_uniform_replay,61,5,0.7385373711585999,0.9574382901191711,512,256,256,4,0.15033142268657684,0.0,0.01753045618534088,0.06873469427227974,0.06406627222895622,4608,2560,2048,2048,10,32,16,1024,15616,78080,15616
integrator_uniform_replay,62,5,0.7366431355476379,0.9907639026641846,512,256,256,4,0.2154435347765684,0.0,0.022006476297974586,0.12800660356879234,0.06543045490980148,4608,2560,2048,2048,10,32,16,1024,15872,79360,15872
integrator_uniform_replay,63,6,0.71645587682724,1.0455461740493774,512,256,256,4,0.16256321966648102,0.0,0.02070644311606884,0.07888214103877544,0.06297463551163673,5120,3072,2048,2048,12,32,16,1024,16128,96768,16128
integrator_uniform_replay,64,1,0.7584228515625,0.923994779586792,512,256,256,4,0.13314820639789104,0.0,0.023681640625,0.031121380627155304,0.07834518514573574,2560,512,2048,2048,2,32,16,1024,16384,16384,16384
integrator_uniform_replay,65,2,0.7567908763885498,0.9618586301803589,512,256,256,4,0.12072745896875858,0.0,0.021506857126951218,0.038745567202568054,0.06047503463923931,3072,1024,2048,2048,4,32,16,1024,16640,33280,16640
integrator_uniform_replay,66,2,0.7907196879386902,0.8547738790512085,512,256,256,4,0.13056155666708946,0.0,0.020118888467550278,0.03544404357671738,0.07499862462282181,3072,1024,2048,2048,4,32,16,1024,16896,33792,16896
full_replay_integrator_20_epochs,66,2,0.7877012491226196,0.8597013354301453,16896,16896,0,20,7.417607139796019,0.01992751471698284,0.017685027793049812,0.31327531300485134,7.066719284281135,371712,33792,337920,337920,18,2640,2640,33792,16896,33792,16896
integrator_uniform_replay,67,3,0.7592117786407471,0.9365608096122742,512,256,256,4,0.13521822355687618,0.0,0.01984355039894581,0.044571755453944206,0.07080291770398617,3584,1536,2048,2048,6,32,16,1024,17152,51456,17152
integrator_uniform_replay,68,2,0.7827435731887817,0.9222578406333923,512,256,256,4,0.12696832045912743,0.0,0.02485179528594017,0.03586198389530182,0.06625454127788544,3072,1024,2048,2048,4,32,16,1024,17408,34816,17408
integrator_uniform_replay,69,3,0.7631340622901917,0.9164388179779053,512,256,256,4,0.14241819269955158,0.0,0.025093182921409607,0.047663772478699684,0.06966123729944229,3584,1536,2048,2048,6,32,16,1024,17664,52992,17664
integrator_uniform_replay,70,3,0.7613839507102966,0.8976009488105774,512,256,256,4,0.13644655980169773,0.0,0.02612837217748165,0.04631097801029682,0.06400720961391926,3584,1536,2048,2048,6,32,16,1024,17920,53760,17920
integrator_uniform_replay,71,4,0.7480744123458862,0.9064401984214783,512,256,256,4,0.15091361105442047,0.0,0.026031475514173508,0.05953233130276203,0.06534980423748493,4096,2048,2048,2048,8,32,16,1024,18176,72704,18176
integrator_uniform_replay,72,2,0.7732204794883728,0.921879768371582,512,256,256,4,0.12058226019144058,0.0,0.02846216782927513,0.03271667659282684,0.05940341576933861,3072,1024,2048,2048,4,32,16,1024,18432,36864,18432
integrator_uniform_replay,73,3,0.7579195499420166,0.945967972278595,512,256,256,4,0.14991047605872154,0.0,0.024523578584194183,0.04544216953217983,0.07994472794234753,3584,1536,2048,2048,6,32,16,1024,18688,56064,18688
integrator_uniform_replay,74,3,0.7533255815505981,0.9019100069999695,512,256,256,4,0.14532425440847874,0.0,0.02688165381550789,0.046439530327916145,0.0720030702650547,3584,1536,2048,2048,6,32,16,1024,18944,56832,18944
integrator_uniform_replay,75,4,0.7595312595367432,0.8880862593650818,512,256,256,4,0.15346090495586395,0.0,0.025936054065823555,0.05712948739528656,0.07039536349475384,4096,2048,2048,2048,8,32,16,1024,19200,76800,19200
integrator_uniform_replay,76,3,0.7518503069877625,0.9384456276893616,512,256,256,4,0.15570954233407974,0.0,0.02832980826497078,0.05808264762163162,0.06929708644747734,3584,1536,2048,2048,6,32,16,1024,19456,58368,19456
integrator_uniform_replay,77,4,0.7578125,0.8891867399215698,512,256,256,4,0.1692942138761282,0.0,0.02850433997809887,0.06306561827659607,0.07772425562143326,4096,2048,2048,2048,8,32,16,1024,19712,78848,19712
integrator_uniform_replay,78,4,0.7532051205635071,0.9273562431335449,512,256,256,4,0.16275924257934093,0.0,0.029976096004247665,0.062011417001485825,0.07077172957360744,4096,2048,2048,2048,8,32,16,1024,19968,79872,19968
integrator_uniform_replay,79,5,0.7431269884109497,0.9400565028190613,512,256,256,4,0.1680759359151125,0.0,0.028291091322898865,0.06999078206717968,0.06979406252503395,4608,2560,2048,2048,10,32,16,1024,20224,101120,20224
integrator_uniform_replay,80,2,0.75244140625,0.9129804372787476,512,256,256,4,0.12172811478376389,0.0,0.030923057347536087,0.035647619515657425,0.055157437920570374,3072,1024,2048,2048,4,32,16,1024,20480,40960,20480
integrator_uniform_replay,81,3,0.7592592835426331,0.9353124499320984,512,256,256,4,0.13611108250916004,0.0,0.02811366505920887,0.04330036602914333,0.06469705142080784,3584,1536,2048,2048,6,32,16,1024,20736,62208,20736
integrator_uniform_replay,82,3,0.750285804271698,0.9551557302474976,512,256,256,4,0.1344602946192026,0.0,0.02913905307650566,0.04177030920982361,0.06355093233287334,3584,1536,2048,2048,6,32,16,1024,20992,62976,20992
integrator_uniform_replay,83,4,0.7386106848716736,0.9638437628746033,512,256,256,4,0.1542701441794634,0.0,0.030286988243460655,0.0578739196062088,0.06610923632979393,4096,2048,2048,2048,8,32,16,1024,21248,84992,21248
integrator_uniform_replay,84,3,0.7425130009651184,0.9322260618209839,512,256,256,4,0.14645545929670334,0.0,0.0318585354834795,0.04570869356393814,0.0688882302492857,3584,1536,2048,2048,6,32,16,1024,21504,64512,21504
integrator_uniform_replay,85,4,0.7476562261581421,0.9283820390701294,512,256,256,4,0.15158136747777462,0.0,0.03049631603062153,0.055582888424396515,0.06550216302275658,4096,2048,2048,2048,8,32,16,1024,21760,87040,21760
integrator_uniform_replay,86,4,0.743323028087616,0.9478209614753723,512,256,256,4,0.16927542351186275,0.0,0.0357037466019392,0.0652550533413887,0.06831662356853485,4096,2048,2048,2048,8,32,16,1024,22016,88064,22016
integrator_uniform_replay,87,5,0.7404813170433044,0.9152436256408691,512,256,256,4,0.16126509755849838,0.0,0.03318452648818493,0.06574705429375172,0.06233351677656174,4608,2560,2048,2048,10,32,16,1024,22272,111360,22272
integrator_uniform_replay,88,3,0.7600319385528564,0.9135608673095703,512,256,256,4,0.14375989511609077,0.0,0.03146076016128063,0.04547901637852192,0.06682011857628822,3584,1536,2048,2048,6,32,16,1024,22528,67584,22528
integrator_uniform_replay,89,4,0.755574107170105,0.8991490006446838,512,256,256,4,0.1451603602617979,0.0,0.029958363622426987,0.05697681941092014,0.058225177228450775,4096,2048,2048,2048,8,32,16,1024,22784,91136,22784
integrator_uniform_replay,90,4,0.7472222447395325,0.9407551288604736,512,256,256,4,0.16388574987649918,0.0,0.033268192782998085,0.06280378997325897,0.06781376712024212,4096,2048,2048,2048,8,32,16,1024,23040,92160,23040
integrator_uniform_replay,91,5,0.7469522953033447,0.9373282194137573,512,256,256,4,0.17313911765813828,0.0,0.034919703379273415,0.06670700386166573,0.07151241041719913,4608,2560,2048,2048,10,32,16,1024,23296,116480,23296
integrator_uniform_replay,92,4,0.747664749622345,0.9385048151016235,512,256,256,4,0.17598522827029228,0.0,0.03401551395654678,0.06042325869202614,0.08154645562171936,4096,2048,2048,2048,8,32,16,1024,23552,94208,23552
integrator_uniform_replay,93,5,0.7441616058349609,0.92903071641922,512,256,256,4,0.1754098441451788,0.0,0.03490412421524525,0.06898349337279797,0.07152222655713558,4608,2560,2048,2048,10,32,16,1024,23808,119040,23808
integrator_uniform_replay,94,5,0.7406083941459656,0.9710119366645813,512,256,256,4,0.1847768910229206,0.0,0.035290129482746124,0.07077850215137005,0.07870825938880444,4608,2560,2048,2048,10,32,16,1024,24064,120320,24064
integrator_uniform_replay,95,6,0.7237253189086914,0.9818690419197083,512,256,256,4,0.17445342615246773,0.0,0.03236926533281803,0.08213717676699162,0.05994698405265808,5120,3072,2048,2048,12,32,16,1024,24320,145920,24320
integrator_uniform_replay,96,2,0.7552083134651184,0.9753305912017822,512,256,256,4,0.13701045140624046,0.0,0.03694405220448971,0.032532744109630585,0.06753365509212017,3072,1024,2048,2048,4,32,16,1024,24576,49152,24576
integrator_uniform_replay,97,3,0.7461742758750916,0.9377908706665039,512,256,256,4,0.14823518320918083,0.0,0.03343974985182285,0.05333788879215717,0.061457544565200806,3584,1536,2048,2048,6,32,16,1024,24832,74496,24832
integrator_uniform_replay,98,3,0.7496412396430969,0.9546350240707397,512,256,256,4,0.16354462690651417,0.0,0.03930361568927765,0.04929073713719845,0.07495027408003807,3584,1536,2048,2048,6,32,16,1024,25088,75264,25088
integrator_uniform_replay,99,4,0.7209596037864685,1.0100436210632324,512,256,256,4,0.1668462324887514,0.0,0.03525668382644653,0.06078298017382622,0.07080656848847866,4096,2048,2048,2048,8,32,16,1024,25344,101376,25344
integrator_uniform_replay,100,3,0.7563672065734863,0.9160126447677612,512,256,256,4,0.14589073695242405,0.0,0.033859336748719215,0.04493032582104206,0.06710107438266277,3584,1536,2048,2048,6,32,16,1024,25600,76800,25600
full_replay_integrator_20_epochs,100,3,0.7786328196525574,1.077337622642517,25600,25600,0,20,11.340876702219248,0.024774787947535515,0.03224736452102661,0.5541457608342171,10.729708788916469,588800,76800,512000,512000,39,4000,4000,51200,25600,76800,25600
