accuracy_kind,condition,full_oracle_agreement,full_route_accuracy,full_suffix_story_nll,full_suffix_token_nll,full_whole_story_nll,full_whole_token_nll,label,mean_full_margin,midpoint_full_agreement,midpoint_oracle_agreement,midpoint_route_accuracy,midpoint_selected_whole_story_nll,midpoint_selected_whole_token_nll,midpoint_suffix_story_nll,midpoint_suffix_token_nll,oracle_suffix_story_nll,oracle_suffix_token_nll,route_accuracy_change_pp,story_count,suffix_gap_recovered_fraction,suffix_story_nll_change,task_id
noun_support,blocked_log_t,0.5643564356435643,0.8391089108910891,1.4913621591937065,1.5223064940790594,1.4694699133478148,1.4893873165029388,Blocked log-t,0.0467817804756771,0.6856435643564357,0.3069306930693069,0.6707920792079208,1.4866920117877505,1.505632676274912,1.5346362099000608,1.5637216196599082,1.4787927912552121,1.51004450039557,16.831683168316832,404,0.7749176493217098,-0.04327405070635426,mouse
noun_support,blocked_log_t,0.48668280871670705,0.7191283292978208,1.6180794302779233,1.645996798767551,1.589455438096964,1.6084059728735138,Blocked log-t,0.03664128660193371,0.7578692493946732,0.3026634382566586,0.7142857142857143,1.595609915204857,1.6144999700180418,1.6377690283574842,1.6655559783658949,1.601577707692101,1.6300101257833852,0.48426150121065376,413,0.5440419890063259,-0.019689598079560833,rabbit
noun_support,blocked_log_t,0.5597667638483965,0.8192419825072886,1.6434552334207384,1.66975283461417,1.6547628924723297,1.6643810141021562,Blocked log-t,0.05483479816493379,0.8192419825072886,0.42565597667638483,0.7638483965014577,1.6615698095463203,1.670864861528042,1.6631482630686205,1.6884494136269679,1.6284282372747334,1.655536416277991,5.539358600583091,343,0.5671951329987005,-0.01969302964788211,boat
noun_support,blocked_log_t,0.5319148936170213,0.8996960486322189,1.4775829963390876,1.5170905180910743,1.4303595574724557,1.4537600712066427,Blocked log-t,0.05607661888892723,0.7477203647416414,0.3069908814589666,0.7021276595744681,1.450887444058363,1.4697333317544157,1.52530248666114,1.5535977590068346,1.463378381236042,1.5036765028364518,19.756838905775076,329,0.7706125101762304,-0.04771949032205236,brother
noun_support,blocked_log_t,0.7073170731707317,0.7979094076655052,1.8930981207087516,1.879966962880924,1.8194079721800365,1.7899334071229682,Blocked log-t,0.038240331471947005,0.5400696864111498,0.2926829268292683,0.5052264808362369,1.8390214225233397,1.809449248303145,1.944811255668555,1.9315145949834658,1.88355202268087,1.871956826099664,29.268292682926827,287,0.8441688287249582,-0.05171313495980345,parent
noun_support,blocked_log_t,0.6985294117647058,0.9595588235294118,1.361338365834197,1.436413026395087,1.314420641804551,1.3642139268296072,Blocked log-t,0.15109950760831714,0.8860294117647058,0.5992647058823529,0.8786764705882353,1.3229422963426316,1.370781037430736,1.383496728502844,1.453577197512423,1.3513385564667626,1.426957391437013,8.088235294117647,272,0.6890429793019734,-0.022158362668647014,duck
noun_support,blocked_log_t,0.5884476534296029,0.9025270758122743,1.3654599610615779,1.4099597932420485,1.3293668625445476,1.3615475772534655,Blocked log-t,0.06288122910309536,0.7472924187725631,0.36823104693140796,0.7003610108303249,1.3479970688089886,1.3771082334714864,1.4096048291341474,1.4474968948780438,1.3522355340090224,1.3978259036491911,20.216606498194945,277,0.7694859763622269,-0.044144868072569565,sister
noun_support,blocked_log_t,0.5267175572519084,0.9427480916030534,1.4453048863992652,1.4967556171141148,1.3481036992947917,1.3809349461185274,Blocked log-t,0.11699384161668316,0.7977099236641222,0.3320610687022901,0.7862595419847328,1.3625482158930402,1.393609364108042,1.480616142672357,1.527547094294613,1.4272108374711214,1.4818358219523893,15.648854961832063,262,0.6611937922653197,-0.03531125627309173,pet
noun_support,blocked_log_t,0.627906976744186,0.7906976744186046,1.5482532525134913,1.6009797497893752,1.519347708474185,1.5423189954646792,Blocked log-t,0.061966741908205294,0.75,0.436046511627907,0.7441860465116279,1.527644878654767,1.5504361041960397,1.5732330154253378,1.624762517141709,1.5363659833059025,1.5904746944575097,4.651162790697675,172,0.6775637059940549,-0.024979762911846448,bicycle
noun_support,blocked_log_t,0.6804733727810651,0.834319526627219,1.6937483116959908,1.7181901880623944,1.5894780855086286,1.593334834581605,Blocked log-t,0.09482538316528154,0.757396449704142,0.4911242603550296,0.727810650887574,1.60126024036373,1.6047063216662696,1.7246526588356461,1.7471233331996006,1.6849357789403092,1.7110455223707304,10.650887573964498,169,0.7781161868982494,-0.030904347139655286,grandma
noun_support,blocked_log_t,0.6875,0.85,1.6451596264628705,1.6866780907871946,1.5474007818264286,1.5711965559668466,Blocked log-t,0.06514246319622943,0.76875,0.5125,0.7125,1.560599154635612,1.5827515721393257,1.6782503430456548,1.7154646791986026,1.635459229281453,1.6760550856719207,13.750000000000002,160,0.7733081397490355,-0.033090716582784285,lion
noun_support,blocked_log_t,0.7218934911242604,0.8165680473372781,1.6325973560817078,1.6524183201297482,1.52856212394293,1.5325024605185886,Blocked log-t,0.05227718443626921,0.47337278106508873,0.2781065088757396,0.4260355029585799,1.5672593215382278,1.5680334331192982,1.7308849484712414,1.7428948436776988,1.6257851709612916,1.6458925524423913,39.053254437869825,169,0.9351836389970356,-0.09828759238953366,fairy
noun_support,blocked_log_t,0.6312056737588653,0.8297872340425532,1.694299945514611,1.6855160357324501,1.6767337283488517,1.6530351288883862,Blocked log-t,0.084260652820643,0.8794326241134752,0.5390070921985816,0.8014184397163121,1.6802249852551243,1.656465202423535,1.7052043910836778,1.6959783947042113,1.6831758542542306,1.6739110604836522,2.8368794326241136,141,0.49501451927982565,-0.010904445569066779,train
noun_support,blocked_log_t,0.6410256410256411,0.9743589743589743,1.3092916263382064,1.3741073453151542,1.287830657348616,1.348389057591453,Blocked log-t,0.32339832363817517,0.9230769230769231,0.5811965811965812,0.9145299145299145,1.2985177144657192,1.35943898175638,1.3325939839779157,1.397202368796831,1.2932658824638312,1.358610048227696,5.982905982905983,117,0.5925116327154543,-0.023302357639709337,cow
noun_support,blocked_log_t,0.5869565217391305,0.8695652173913043,1.374124032484271,1.4366763811359857,1.334779194027341,1.368412614275744,Blocked log-t,0.11134342939092887,0.782608695652174,0.4057971014492754,0.7898550724637681,1.3464762411919293,1.3785454530701269,1.402694003511171,1.4613994476463292,1.3602574077602059,1.4242135528834312,7.971014492753622,138,0.6732389938759471,-0.028569971026900065,wheel
noun_support,blocked_log_t,0.43478260869565216,0.7478260869565218,1.4241750471086319,1.461050997576433,1.4120785176231685,1.4336470633747795,Blocked log-t,0.05358857420493126,0.8347826086956521,0.33043478260869563,0.7739130434782608,1.4162702381344507,1.4372939679749865,1.435965049345014,1.4718568581502338,1.4073742603772064,1.445439406963096,-2.608695652173913,115,0.41237065019987174,-0.011790002236382158,monkey
noun_support,blocked_log_t,0.5609756097560976,0.6829268292682927,1.7006766870575258,1.6958514719066933,1.6395324443868908,1.6237250859998535,Blocked log-t,0.030318993673862364,0.6341463414634146,0.2804878048780488,0.5487804878048781,1.647154266899563,1.6304898304413749,1.7282913606939527,1.7210582766285898,1.6872489267337714,1.6840534536561278,13.414634146341465,82,0.672832260952607,-0.02761467363642689,princess
noun_support,blocked_log_t,0.5851063829787234,0.7659574468085106,1.6816132175530412,1.672550408811008,1.6210894911222875,1.612557654576082,Blocked log-t,0.06504256441766659,0.8085106382978723,0.43617021276595747,0.8404255319148937,1.6249284770101706,1.6162971852928205,1.6956763951422575,1.6865042882142518,1.6700090784041293,1.6612912490775826,-7.446808510638298,94,0.5479021330003622,-0.01406317758921638,plane
noun_support,blocked_log_t,0.4639175257731959,0.7422680412371134,1.4465232192761317,1.4742052789011202,1.441834296971464,1.456619740913602,Blocked log-t,0.06808086961237401,0.7628865979381443,0.27835051546391754,0.6597938144329897,1.4565631760750237,1.471642401731331,1.4835106671050295,1.5121604841959888,1.4287576071855743,1.4568447584318178,8.24742268041237,97,0.675532068587736,-0.036987447828897846,elephant
noun_support,blocked_log_t,0.625,0.7272727272727273,1.528982059380187,1.5885483106858704,1.4659664044484642,1.4941965516632407,Blocked log-t,0.04285241954996648,0.6022727272727273,0.2840909090909091,0.5,1.484808231557991,1.5108483159481907,1.5802955108718935,1.6348078008615408,1.515574528326601,1.5769173193230808,22.727272727272727,88,0.7928410458817834,-0.05131345149170641,neighbor
noun_support,blocked_log_t,0.8809523809523809,0.9880952380952381,1.4879081351883827,1.5442800220241308,1.442428622317676,1.4858624254127626,Blocked log-t,0.25148797950714213,0.7738095238095238,0.6547619047619048,0.7619047619047619,1.4823895882370641,1.5182232433850773,1.5790700721569197,1.6184319618118672,1.4827669715498089,1.5368793456270828,22.61904761904762,84,0.9466147651927809,-0.09116193696853703,dragon
noun_support,blocked_log_t,0.5925925925925926,0.8271604938271605,1.5092108196299108,1.5512644786295327,1.4309732249285056,1.4633341700007012,Blocked log-t,0.08507927555154374,0.7901234567901234,0.4691358024691358,0.7654320987654321,1.4412748647923275,1.473752634198278,1.5375610931022041,1.578808406377412,1.4897043846162308,1.5325135022153056,6.172839506172839,81,0.5923991509069775,-0.028350273472293352,queen
noun_support,blocked_log_t,0.4177215189873418,0.7848101265822784,1.4856749558893503,1.6949919970858456,1.4761541113803467,1.617629502706555,Blocked log-t,0.07103050868941634,0.8860759493670886,0.3670886075949367,0.7974683544303798,1.4788966085069228,1.6232792361359478,1.4953835378408884,1.7106675839659593,1.4578113387495828,1.66844365179584,-1.2658227848101267,79,0.2583980226428837,-0.00970858195153812,horse
noun_support,blocked_log_t,0.4626865671641791,1.0,1.3825258544896741,1.4270481886740483,1.319009016551367,1.357814219070748,Blocked log-t,0.02477287397460527,0.6268656716417911,0.26865671641791045,0.9701492537313433,1.3339141654881554,1.3710662952537893,1.4211943406914105,1.4626530512809321,1.3636825571953428,1.4083138204006445,2.9850746268656714,67,0.6723576257095258,-0.03866848620173635,bus
noun_support,round_robin_log_t,0.49257425742574257,0.9356435643564357,1.4902163712681213,1.5213127213793722,1.4741669444201575,1.4936491534107517,Round-robin log-t,0.014576504769611694,0.4752475247524752,0.15346534653465346,0.806930693069307,1.489770785745674,1.508469928879378,1.5339615418808434,1.5631371907727791,1.4780102858315558,1.5095744404719644,12.871287128712872,404,0.7818442998703521,-0.043745170612722095,mouse
noun_support,round_robin_log_t,0.4915254237288136,0.9079903147699758,1.6164567917529102,1.6437106266032668,1.5935181147718922,1.6121289984681102,Round-robin log-t,0.014836393367425475,0.5278450363196125,0.19128329297820823,0.8232445520581114,1.6048708162601646,1.6232721224615052,1.649331010185131,1.6760231498919271,1.603085933645506,1.6309426892703234,8.47457627118644,413,0.7108695863883476,-0.032874218432220825,rabbit
noun_support,round_robin_log_t,0.5043731778425656,0.9358600583090378,1.638981557581184,1.6653312168371874,1.659739390653958,1.6689056240770133,Round-robin log-t,0.016987624356359178,0.5801749271137027,0.21282798833819241,0.8775510204081632,1.6703696624374824,1.6789451652803966,1.6705176346344726,1.694901203105559,1.6264775245130625,1.6532779889423452,5.830903790087463,343,0.7160762533597164,-0.03153607705328865,boat
noun_support,round_robin_log_t,0.48936170212765956,0.9665653495440729,1.4780935051665551,1.5171263002460733,1.437476018465016,1.460370897161103,Round-robin log-t,0.013201537142960566,0.48936170212765956,0.1702127659574468,0.8054711246200608,1.4564624029922284,1.475403962826047,1.5275826310236105,1.5562519057329398,1.4664858422202347,1.5065148400207387,16.109422492401215,329,0.8100118979464421,-0.04948912585705534,brother
noun_support,round_robin_log_t,0.5261324041811847,0.926829268292683,1.8919484262166761,1.879867136167633,1.823039772833869,1.7929422616728075,Round-robin log-t,0.012772725312837083,0.42160278745644597,0.1254355400696864,0.6306620209059234,1.8417044113693974,1.8108663120533912,1.9424932296703077,1.927756488554033,1.8813428020239134,1.869961895486861,29.61672473867596,287,0.8265650036972696,-0.05054480345363155,parent
noun_support,round_robin_log_t,0.5,0.9779411764705882,1.3662267619921744,1.442020009279797,1.335265831522412,1.3866140000576912,Round-robin log-t,0.016331310577056914,0.5698529411764706,0.20588235294117646,0.8860294117647058,1.3496902593209108,1.3990668715532943,1.4049728400733557,1.4758330657097294,1.354612351674596,1.4308264994696338,9.191176470588236,272,0.7693745496347403,-0.038746078081181246,duck
noun_support,round_robin_log_t,0.49458483754512633,0.9566787003610109,1.365084434461343,1.4109595133989008,1.3372688714426144,1.368812928708121,Round-robin log-t,0.014555738287617427,0.48736462093862815,0.1371841155234657,0.7725631768953068,1.3581787980905327,1.3863419399441237,1.4183178790732232,1.4565202321422788,1.3527672887864504,1.399074950131547,18.4115523465704,277,0.8120971051365474,-0.053233444611880065,sister
noun_support,round_robin_log_t,0.4770992366412214,0.9694656488549618,1.4445663454135875,1.497843212070596,1.3571822723348441,1.390148469214968,Round-robin log-t,0.014951932665282091,0.5305343511450382,0.16412213740458015,0.8320610687022901,1.3720268302663416,1.4022455947472265,1.484624248457023,1.5315458894770326,1.4325320650682947,1.4872331393186198,13.740458015267176,262,0.7689810723522706,-0.04005790304343537,pet
noun_support,round_robin_log_t,0.47674418604651164,0.9069767441860465,1.552917351100316,1.6049451520654825,1.5272482905485971,1.5506218734976875,Round-robin log-t,0.013510670700499416,0.48255813953488375,0.13372093023255813,0.8662790697674418,1.5385605668044295,1.5611623936449714,1.5877868363339103,1.636899406928841,1.5389418109162623,1.5928389715263134,4.069767441860465,172,0.7138799690540374,-0.03486948523359423,bicycle
noun_support,round_robin_log_t,0.5443786982248521,0.9704142011834319,1.6955470700773532,1.724772541258305,1.5962564866091105,1.6022230024302058,Round-robin log-t,0.014572175517447676,0.5207100591715976,0.23076923076923078,0.8579881656804734,1.6102264257886434,1.6145487605353628,1.7341393121611715,1.7586895784622758,1.685591816573741,1.7154519713587966,11.242603550295858,169,0.7949378565639176,-0.038592242083818284,grandma
noun_support,round_robin_log_t,0.5375,0.95,1.6513217330592098,1.689386589769818,1.5609242524365148,1.5820078721380222,Round-robin log-t,0.015792556151990118,0.5375,0.21875,0.825,1.5757730934487983,1.5950687719544405,1.6916505359686773,1.7248523012117014,1.6391440029595095,1.6786532618652499,12.5,160,0.7680720969031782,-0.0403288029094675,lion
noun_support,round_robin_log_t,0.6153846153846154,0.9112426035502958,1.6486742109015036,1.668217855476245,1.5387816144680948,1.5427278075860786,Round-robin log-t,0.015415904151338547,0.35502958579881655,0.14792899408284024,0.5680473372781065,1.5720042721887453,1.5731982751880504,1.7343535030180963,1.7475422188035075,1.6399417430834633,1.6598602548567796,34.319526627218934,169,0.9075065667234009,-0.08567929211659275,fairy
noun_support,round_robin_log_t,0.5035460992907801,0.9574468085106383,1.6968947811086832,1.6862670033952558,1.6922858087919057,1.667039818524111,Round-robin log-t,0.015960613454236734,0.5319148936170213,0.15602836879432624,0.8936170212765957,1.7023991401369714,1.6763338509989023,1.7270001653927476,1.7140121273543119,1.686364166135826,1.6762378517413192,6.382978723404255,141,0.7408550259518097,-0.030105384284064396,train
noun_support,round_robin_log_t,0.5299145299145299,0.9829059829059829,1.301819210783535,1.3656506483116166,1.2968349291470083,1.3556235442734825,Round-robin log-t,0.01943358367018616,0.5470085470085471,0.24786324786324787,0.9401709401709402,1.3133627532270302,1.3715861152706021,1.345008943843555,1.4071794766973236,1.2872771764911013,1.3521284196624657,4.273504273504273,117,0.7481103565796945,-0.04318973306002016,cow
noun_support,round_robin_log_t,0.4420289855072464,0.9637681159420289,1.381180626657475,1.4421089089394006,1.3479275996910753,1.379747867156235,Round-robin log-t,0.01498311423466865,0.6086956521739131,0.17391304347826086,0.8695652173913043,1.3618526935434034,1.3906981440267556,1.4170044676610745,1.4711062178926573,1.3673251368880004,1.4292708452428238,9.420289855072465,138,0.7211015214201656,-0.035823841003599366,wheel
noun_support,round_robin_log_t,0.48695652173913045,0.9652173913043478,1.4147694770251262,1.4529937502105572,1.418207094286282,1.4408313734267395,Round-robin log-t,0.015180672328318526,0.5391304347826087,0.17391304347826086,0.8782608695652174,1.4267513566942531,1.4499689953398593,1.442247385941914,1.4823114051762638,1.4021058551563166,1.441484399134069,8.695652173913043,115,0.6845256864655176,-0.027477908916787808,monkey
noun_support,round_robin_log_t,0.43902439024390244,0.8292682926829268,1.703837048140991,1.6989368781345113,1.6500914167946579,1.6336115394277921,Round-robin log-t,0.013911811349509936,0.524390243902439,0.12195121951219512,0.7926829268292683,1.659568079674379,1.643041103618212,1.7359718462736144,1.7295683935572903,1.691058706637218,1.6875570520234748,3.6585365853658534,82,0.7154876811725324,-0.03213479813262343,princess
noun_support,round_robin_log_t,0.5,0.9361702127659575,1.682431454965733,1.672510313580258,1.634989184001354,1.6248421965806135,Round-robin log-t,0.015151717934828645,0.4574468085106383,0.1702127659574468,0.9148936170212766,1.6492483252085437,1.6379656869054784,1.7221006613676069,1.709152013960568,1.6701585223740014,1.6616165027916605,2.127659574468085,94,0.7637191530898912,-0.03966920640187377,plane
noun_support,round_robin_log_t,0.5154639175257731,0.9484536082474226,1.4475993715164241,1.4743844350802149,1.4561702000733858,1.4688517816762414,Round-robin log-t,0.017790430316656714,0.5360824742268041,0.1958762886597938,0.8247422680412371,1.4708752980442243,1.4825051403945027,1.4899332614691994,1.5147193799438943,1.4331682035029998,1.4610935437787038,12.371134020618557,97,0.7457737465534287,-0.042333889952775206,elephant
noun_support,round_robin_log_t,0.5,0.8863636363636364,1.5343767347724802,1.5931237467833173,1.476797716058983,1.5031437384449802,Round-robin log-t,0.014019842939774974,0.4318181818181818,0.125,0.6931818181818182,1.4942629220322834,1.5174612684245712,1.585879693768552,1.6361218064994683,1.5217278006156976,1.5827319547605836,19.318181818181817,88,0.8028283572763155,-0.051502958996071824,neighbor
noun_support,round_robin_log_t,0.5119047619047619,1.0,1.500755424164065,1.5554870918858053,1.4708017339482615,1.51521148123482,Round-robin log-t,0.024435344966851364,0.5595238095238095,0.21428571428571427,0.8333333333333334,1.5068358587449655,1.5445368084279858,1.5871065099492085,1.62565544255561,1.4852345822577278,1.5411675392965731,16.666666666666664,84,0.8476435828981055,-0.0863510857851435,dragon
noun_support,round_robin_log_t,0.4444444444444444,0.9135802469135802,1.514210280496581,1.5549528555420367,1.4540316368164823,1.4844789644531386,Round-robin log-t,0.021088705877298424,0.5308641975308642,0.18518518518518517,0.8271604938271605,1.4662533930945008,1.4970127180620925,1.5543086305061853,1.5952728083054393,1.4974880953838918,1.5398885050731206,8.641975308641975,81,0.7057017313072056,-0.04009835000960438,queen
noun_support,round_robin_log_t,0.43037974683544306,0.9746835443037974,1.4864216669790855,1.694597194302864,1.5002009050262017,1.640148406945333,Round-robin log-t,0.020994986997020286,0.6455696202531646,0.21518987341772153,0.8987341772151899,1.5110521221620195,1.6494270858963773,1.517046925512078,1.7212053747471752,1.4711997697226855,1.680840345417949,7.59493670886076,79,0.6679860071075151,-0.030625258532992472,horse
noun_support,round_robin_log_t,0.3880597014925373,1.0,1.3970648742402978,1.4369144644354592,1.3555939315834507,1.3888417423924155,Round-robin log-t,0.02389070094300616,0.7014925373134329,0.22388059701492538,0.9701492537313433,1.366844630626018,1.39931227024222,1.4294868003319479,1.4682042590437185,1.3786398916886948,1.4205833309381701,2.9850746268656714,67,0.6376380975119947,-0.032421926091650066,bus
exact_noun,independent_noun,0.44554455445544555,0.7178217821782178,1.4895598488117072,1.522018767396109,1.4538673191592513,1.474866190699001,Independent noun bank,0.050715303043946676,0.6683168316831684,0.21534653465346534,0.6287128712871287,1.472654323854238,1.4924308120871683,1.5398239742797892,1.5695749134070844,1.462833001232725,1.4963895283992943,8.91089108910891,404,0.6528573867660542,-0.05026412546808201,mouse
exact_noun,independent_noun,0.3704600484261501,0.6368038740920097,1.6198081578268448,1.6478159624418651,1.5802635740127242,1.6001097175911745,Independent noun bank,0.038089582220368,0.6803874092009685,0.1937046004842615,0.6610169491525424,1.5903552993977168,1.6100837118099391,1.6523463271167893,1.6796868313258349,1.5902231627067402,1.6191067101342864,-2.4213075060532687,413,0.523768703654141,-0.03253816928994446,rabbit
exact_noun,independent_noun,0.49271137026239065,0.8454810495626822,1.636973762964438,1.6631215975706102,1.62247495261232,1.6360962160802102,Independent noun bank,0.09119968462675238,0.8192419825072886,0.3848396501457726,0.8250728862973761,1.630114345841664,1.6436861410870303,1.6611207777405568,1.6877679283276206,1.610948733410768,1.638433023620923,2.0408163265306123,343,0.4812842509943689,-0.02414701477611869,boat
exact_noun,independent_noun,0.46808510638297873,0.7446808510638298,1.474025423262665,1.5147162284132145,1.423643405906943,1.4488010051361653,Independent noun bank,0.04202065911572699,0.6717325227963525,0.22796352583586627,0.662613981762918,1.444808861059964,1.465695254381013,1.5270742091048866,1.556970471414835,1.4507767863032932,1.493754720843381,8.206686930091186,329,0.6952893544015443,-0.0530487858422215,brother
exact_noun,independent_noun,0.5818815331010453,0.7630662020905923,1.8883880092238143,1.8785620643445897,1.809335507279837,1.7832919584353013,Independent noun bank,0.04440203787817462,0.5749128919860628,0.24041811846689895,0.5121951219512195,1.8302255284637006,1.80321828894727,1.9462480571395462,1.9352523075696408,1.8721558150637259,1.8628197626944702,25.087108013937282,287,0.7809191123751162,-0.05786004791573185,parent
exact_noun,independent_noun,0.6470588235294118,0.8860294117647058,1.35849152842051,1.4336832711610648,1.2932231107390417,1.344712731118451,Independent noun bank,0.17534479280982654,0.8345588235294118,0.5220588235294118,0.8492647058823529,1.3063824700784366,1.357287867696352,1.3937026993730224,1.4673445164372598,1.3409673085097231,1.4169582446166018,3.6764705882352944,272,0.6676952683215511,-0.03521117095251247,duck
exact_noun,independent_noun,0.4981949458483754,0.776173285198556,1.3632571973969734,1.4101567029582494,1.3180929302392994,1.3542964916131528,Independent noun bank,0.05000522396467791,0.703971119133574,0.2815884476534296,0.6389891696750902,1.3405904762061718,1.3737095639394534,1.418981546767614,1.4586942131998484,1.3395229001111584,1.3889621694573953,13.718411552346572,277,0.7013000059209197,-0.055724349370640525,sister
exact_noun,independent_noun,0.5,0.9198473282442748,1.4478456455920719,1.4961911886126182,1.3394451347371852,1.3720700770765506,Independent noun bank,0.1257367983639528,0.7519083969465649,0.2748091603053435,0.7519083969465649,1.3592571285369648,1.3883664328407224,1.498719834475147,1.5393101244185108,1.419265265412175,1.4723250087683288,16.793893129770993,262,0.6402928048449238,-0.050874188883075044,pet
exact_noun,independent_noun,0.5232558139534884,0.8372093023255814,1.5391012144454608,1.5912029157343337,1.4937686812368562,1.5192800688032015,Independent noun bank,0.08834563541246351,0.7674418604651163,0.36627906976744184,0.7674418604651163,1.507004647256255,1.5327133951862786,1.5742990412307756,1.6247351460025168,1.5158616204779598,1.5708043496211868,6.976744186046512,172,0.6023165692784074,-0.0351978267853148,bicycle
exact_noun,independent_noun,0.7100591715976331,0.8757396449704142,1.6874463148179641,1.7081921720092692,1.5714779620314843,1.5759465936664359,Independent noun bank,0.12062629173903407,0.757396449704142,0.5088757396449705,0.7455621301775148,1.584519780392269,1.589926889293778,1.7229371273617475,1.7460922478308785,1.6714079678188265,1.6965207537552376,13.017751479289942,169,0.6887520165008987,-0.03549081254378339,grandma
exact_noun,independent_noun,0.66875,0.825,1.6295764514800553,1.6730044567446025,1.5236502444546594,1.5521845130878706,Independent noun bank,0.08962598455440889,0.7,0.44375,0.71875,1.5401209970990393,1.5667576942421049,1.6756470636247975,1.71659142815455,1.6166258833865925,1.6609233745430083,10.625,160,0.7805776156763518,-0.046070612144742284,lion
exact_noun,independent_noun,0.7396449704142012,0.8224852071005917,1.595758210144301,1.6195611142862643,1.5014017039631236,1.508049696782704,Independent noun bank,0.08266564472901318,0.4911242603550296,0.27218934911242604,0.46153846153846156,1.5560173213865736,1.5578063541099236,1.7304821458064814,1.7431194215692645,1.5850230439403246,1.6093164398569442,36.09467455621302,169,0.9261980442182682,-0.13472393566218033,fairy
exact_noun,independent_noun,0.5886524822695035,0.8439716312056738,1.6804108897231844,1.6755022514899793,1.6446229286946588,1.6254162918103283,Independent noun bank,0.10990845788589824,0.8226950354609929,0.48226950354609927,0.8156028368794326,1.651656645713839,1.6314369651491045,1.7045370433969527,1.6963998490273675,1.6598231822378673,1.6545990586644796,2.8368794326241136,141,0.5395676653360559,-0.024126153673768247,train
exact_noun,independent_noun,0.5726495726495726,0.9401709401709402,1.3143492249455233,1.3786523900067302,1.2636767126542725,1.3272949523811044,Independent noun bank,0.38988634562751556,0.9401709401709402,0.5384615384615384,0.9230769230769231,1.267742668564702,1.3330529558891626,1.3253659545944998,1.3913893631822702,1.2901010363218397,1.3550778798198326,1.7094017094017095,117,0.31239912606057135,-0.011016729648976487,cow
exact_noun,independent_noun,0.5652173913043478,0.8695652173913043,1.3692204995679533,1.4314074811106843,1.309504551566921,1.3473874881304582,Independent noun bank,0.16073979712962705,0.7681159420289855,0.39855072463768115,0.8260869565217391,1.3252407229674341,1.3618148268317283,1.4084590540258721,1.4663913883075632,1.3494345461830806,1.4137357600425329,4.3478260869565215,138,0.6647841022652567,-0.039238554457918795,wheel
exact_noun,independent_noun,0.4608695652173913,0.7478260869565218,1.420912156132882,1.4567663851236465,1.392149014264617,1.4139492311167223,Independent noun bank,0.07261323804012995,0.7739130434782608,0.30434782608695654,0.7652173913043478,1.3987128141523029,1.420997713272899,1.4426992821712317,1.4794953675165512,1.400187826276011,1.4382621462262255,-1.7391304347826086,115,0.5125001150760206,-0.021787126038349758,monkey
exact_noun,independent_noun,0.3902439024390244,0.6951219512195121,1.7071838680252978,1.703608368845226,1.6325046640840328,1.6175134561114137,Independent noun bank,0.032792688938035726,0.7439024390243902,0.24390243902439024,0.6097560975609756,1.6395278179123973,1.6234088383556142,1.7320263852721074,1.7254136806469784,1.6827645602616952,1.6825029586639626,8.536585365853659,82,0.5042955116169328,-0.024842517246809637,princess
exact_noun,independent_noun,0.5,0.8191489361702128,1.6804541768754657,1.6702934833470306,1.6071638717195182,1.6001475081335659,Independent noun bank,0.08521473266469763,0.7978723404255319,0.39361702127659576,0.776595744680851,1.6161366006603086,1.6080854075149105,1.7064755544781096,1.6938305566509526,1.6573864858158036,1.6488312449147804,4.25531914893617,94,0.5300849723112574,-0.02602137760264389,plane
exact_noun,independent_noun,0.4845360824742268,0.7628865979381443,1.4402965249828372,1.4685807019864814,1.4324349880246117,1.4467051615040563,Independent noun bank,0.07276691786793113,0.6082474226804123,0.24742268041237114,0.6391752577319587,1.4520003617858714,1.4654227806569822,1.496179582148278,1.5232310199041739,1.414940040436507,1.4429729788388794,12.371134020618557,97,0.6878800149280465,-0.05588305716544073,elephant
exact_noun,independent_noun,0.48863636363636365,0.6818181818181818,1.5248302284676654,1.586923986368722,1.4507796244372189,1.4821414569114877,Independent noun bank,0.06033187345031731,0.5795454545454546,0.19318181818181818,0.5681818181818182,1.4723340125598632,1.5016032054278239,1.5840547417538686,1.6389089019974494,1.5053412240785582,1.5690198700246378,11.363636363636363,88,0.7524058768469934,-0.05922451328620326,neighbor
exact_noun,independent_noun,0.8571428571428571,0.9523809523809523,1.4904148540831268,1.5448590019566477,1.4355722682230834,1.4780191486799803,Independent noun bank,0.2918424730477354,0.7738095238095238,0.6428571428571429,0.75,1.4784371415344157,1.512465987871641,1.5877362370244275,1.6234338051746504,1.4813103789712596,1.5347101871432391,20.238095238095237,84,0.9144524152455619,-0.09732138294130066,dragon
exact_noun,independent_noun,0.5679012345679012,0.8271604938271605,1.5072735704065514,1.5505201541517597,1.4184308117138715,1.4514686089114281,Independent noun bank,0.08726827657688477,0.8271604938271605,0.4444444444444444,0.7283950617283951,1.4285744159068126,1.4616399399005462,1.5353674790743563,1.577469695322805,1.483716838890833,1.5277367455287756,9.876543209876543,81,0.5439217900878404,-0.028093908667804923,queen
exact_noun,independent_noun,0.3924050632911392,0.7341772151898734,1.4821914726026433,1.6965462547460668,1.4746746189188586,1.616090875645523,Independent noun bank,0.07988168875300823,0.8227848101265823,0.26582278481012656,0.7468354430379747,1.4811488995486202,1.621531726142043,1.5033538113593718,1.715602058372971,1.4518399591536255,1.6684366307339509,-1.2658227848101267,79,0.41080870194304603,-0.02116233875672857,horse
exact_noun,independent_noun,0.7611940298507462,0.9850746268656716,1.380939442789614,1.4252483182863578,1.3111855868079911,1.351308786743795,Independent noun bank,0.5379402110115378,0.9701492537313433,0.7313432835820896,0.9850746268656716,1.3131185877719207,1.3553992093417204,1.3868008057980428,1.4379076436691203,1.3624886277964527,1.4079673470769094,0.0,67,0.24108753267787983,-0.005861363008428766,bus
