condition,label,rank,story_count,story_mean_nll,suffix_token_accuracy,task_id,token_count,token_mean_nll
full_model,Joint-IID full model,,404,1.2760496482902852,0.6446605028214163,mouse,37747,1.314966522052777
full_model,Joint-IID full model,,413,1.4314503978841484,0.6174584137247745,rabbit,38354,1.468338505377727
full_model,Joint-IID full model,,343,1.3709853335791622,0.624851886498285,boat,32070,1.4212937229327187
full_model,Joint-IID full model,,329,1.4177057167201053,0.6102770931361565,brother,40167,1.4654042592643282
full_model,Joint-IID full model,,287,1.7868610200931487,0.5571885958225339,parent,32795,1.7781916044746744
full_model,Joint-IID full model,,272,1.2877138590109507,0.640133085289067,duck,27952,1.3548468024852143
full_model,Joint-IID full model,,277,1.2978092538169084,0.6325838064127367,sister,31531,1.34759299667611
full_model,Joint-IID full model,,262,1.4370798008873389,0.6127944062806673,pet,32608,1.4817151547180192
full_model,Joint-IID full model,,172,1.383324132894724,0.6209845640383813,bicycle,19176,1.4459795026814983
full_model,Joint-IID full model,,169,1.5750075516182989,0.5856414801684023,grandma,22565,1.6049197703487668
full_model,Joint-IID full model,,160,1.3661033166061975,0.6241437327244321,lion,16642,1.4396207271007917
full_model,Joint-IID full model,,169,1.3987108264318702,0.6210680321872714,fairy,17771,1.43407986283631
full_model,Joint-IID full model,,141,1.3384562526391468,0.6300942519580512,train,15066,1.3834585840604259
full_model,Joint-IID full model,,117,1.270478395846412,0.6465419747716399,cow,11495,1.3318511191841413
full_model,Joint-IID full model,,138,1.3246777147580724,0.6279937066604511,wheel,17161,1.3880580768781932
full_model,Joint-IID full model,,115,1.2885034636135777,0.6420213227008754,monkey,11537,1.326755409607743
full_model,Joint-IID full model,,82,1.5427633937115213,0.5915331807780321,princess,9614,1.5772422935750892
full_model,Joint-IID full model,,94,1.4363672264177831,0.6157506311905224,plane,10298,1.461514402394342
full_model,Joint-IID full model,,97,1.2785824753961865,0.6471741261025808,elephant,9183,1.3048758823004707
full_model,Joint-IID full model,,88,1.4587609125006473,0.6048216007714561,neighbor,10370,1.5197570593285814
full_model,Joint-IID full model,,84,1.4535373078670877,0.6195293365988712,dragon,9391,1.4984113896138092
full_model,Joint-IID full model,,81,1.3331536379697628,0.6222748224741498,queen,8027,1.3932774363054765
full_model,Joint-IID full model,,79,1.3359506445463265,0.6271207900734364,horse,7898,1.594734199079087
full_model,Joint-IID full model,,67,1.3766540338625104,0.6297415747317515,bus,6617,1.4148663178804652
lora_rank_8,Projection LoRA rank 8,8,404,1.499972535803166,0.631785307441651,mouse,37747,1.530237510087023
lora_rank_8,Projection LoRA rank 8,8,413,1.6288090082651474,0.6104187307712364,rabbit,38354,1.6568855009741883
lora_rank_8,Projection LoRA rank 8,8,343,1.6465120680879632,0.6128157156220767,boat,32070,1.6724941004909828
lora_rank_8,Projection LoRA rank 8,8,329,1.4870785348539535,0.61075011825628,brother,40167,1.5239525592766061
lora_rank_8,Projection LoRA rank 8,8,287,1.8969460506286835,0.5528891599329167,parent,32795,1.8848924054516436
lora_rank_8,Projection LoRA rank 8,8,272,1.3740264489673457,0.6351960503720664,duck,27952,1.4484634585358718
lora_rank_8,Projection LoRA rank 8,8,277,1.3733997219041238,0.6289366020741493,sister,31531,1.4171619562125637
lora_rank_8,Projection LoRA rank 8,8,262,1.4542241805220721,0.6120890578999019,pet,32608,1.5052925382646658
lora_rank_8,Projection LoRA rank 8,8,172,1.5571948246456735,0.6113370880267001,bicycle,19176,1.6079321838340315
lora_rank_8,Projection LoRA rank 8,8,169,1.7022578346652535,0.577708841125637,grandma,22565,1.7277940711662347
lora_rank_8,Projection LoRA rank 8,8,160,1.6539661845268614,0.6129071025117173,lion,16642,1.6924694124544315
lora_rank_8,Projection LoRA rank 8,8,169,1.6547241638350054,0.6079567835237184,fairy,17771,1.6738119995001701
lora_rank_8,Projection LoRA rank 8,8,141,1.7068058605538028,0.6082570025222355,train,15066,1.6949553807449897
lora_rank_8,Projection LoRA rank 8,8,117,1.3096637812681842,0.6413223140495867,cow,11495,1.371493129524888
lora_rank_8,Projection LoRA rank 8,8,138,1.3907459656931067,0.6254880251733582,wheel,17161,1.4484495560360582
lora_rank_8,Projection LoRA rank 8,8,115,1.4261849864409426,0.6379474733466239,monkey,11537,1.463813739415212
lora_rank_8,Projection LoRA rank 8,8,82,1.7170989392560312,0.5827959226128563,princess,9614,1.7121676372990728
lora_rank_8,Projection LoRA rank 8,8,94,1.6871283271648596,0.6031268207418916,plane,10298,1.6783706568865944
lora_rank_8,Projection LoRA rank 8,8,97,1.4545967005764353,0.638462376129805,elephant,9183,1.4808127863220462
lora_rank_8,Projection LoRA rank 8,8,88,1.5460567255955462,0.6027000964320154,neighbor,10370,1.6025104037533615
lora_rank_8,Projection LoRA rank 8,8,84,1.5077997211654304,0.6116494516025982,dragon,9391,1.5592180819141257
lora_rank_8,Projection LoRA rank 8,8,81,1.5224468303171401,0.6108135044225738,queen,8027,1.5626436037843219
lora_rank_8,Projection LoRA rank 8,8,79,1.4987120357096924,0.6110407698151431,horse,7898,1.7182536549313396
lora_rank_8,Projection LoRA rank 8,8,67,1.4084436341450979,0.6205228955720115,bus,6617,1.4485453579277003
lora_rank_32,Projection LoRA rank 32,32,404,1.519500543417248,0.6273346226190161,mouse,37747,1.5496154358255174
lora_rank_32,Projection LoRA rank 32,32,413,1.6461817165380854,0.6070553266934349,rabbit,38354,1.6741873079229708
lora_rank_32,Projection LoRA rank 32,32,343,1.6623411260436178,0.609354536950421,boat,32070,1.68930717671739
lora_rank_32,Projection LoRA rank 32,32,329,1.502911421021869,0.6065675803520303,brother,40167,1.539658730228371
lora_rank_32,Projection LoRA rank 32,32,287,1.9145123328386107,0.5512730599176704,parent,32795,1.9021788338586896
lora_rank_32,Projection LoRA rank 32,32,272,1.3876824329240263,0.6309387521465369,duck,27952,1.462108986952268
lora_rank_32,Projection LoRA rank 32,32,277,1.3910868090669006,0.6243379531254956,sister,31531,1.4330883898557656
lora_rank_32,Projection LoRA rank 32,32,262,1.4698032369352119,0.6083783120706575,pet,32608,1.5210721853524594
lora_rank_32,Projection LoRA rank 32,32,172,1.5718972887927407,0.607060909470171,bicycle,19176,1.6219506241353194
lora_rank_32,Projection LoRA rank 32,32,169,1.7146942757642898,0.5735874141369377,grandma,22565,1.7374451580001118
lora_rank_32,Projection LoRA rank 32,32,160,1.66947675404732,0.6092416776829708,lion,16642,1.7084634774236378
lora_rank_32,Projection LoRA rank 32,32,169,1.6656386241222467,0.6049743964886612,fairy,17771,1.6849561192417686
lora_rank_32,Projection LoRA rank 32,32,141,1.7173494500032007,0.6062657639718572,train,15066,1.7053059555533776
lora_rank_32,Projection LoRA rank 32,32,117,1.321372942132538,0.6409743366681165,cow,11495,1.3853821009851217
lora_rank_32,Projection LoRA rank 32,32,138,1.4019733540026755,0.6225744420488316,wheel,17161,1.460111337541374
lora_rank_32,Projection LoRA rank 32,32,115,1.443922687211507,0.6326601369506805,monkey,11537,1.481545655206821
lora_rank_32,Projection LoRA rank 32,32,82,1.733486455657147,0.5816517578531308,princess,9614,1.7270400639703225
lora_rank_32,Projection LoRA rank 32,32,94,1.7064458521922312,0.5992425713730821,plane,10298,1.6967949180099242
lora_rank_32,Projection LoRA rank 32,32,97,1.471738805402146,0.6344331917673963,elephant,9183,1.4970395606314189
lora_rank_32,Projection LoRA rank 32,32,88,1.5620784064408928,0.5959498553519769,neighbor,10370,1.6193666648266976
lora_rank_32,Projection LoRA rank 32,32,84,1.5146858702840345,0.6092002981578106,dragon,9391,1.5650035505565945
lora_rank_32,Projection LoRA rank 32,32,81,1.5346298128148081,0.6104397657904572,queen,8027,1.576966897716881
lora_rank_32,Projection LoRA rank 32,32,79,1.5137294380018398,0.6154722714611294,horse,7898,1.7269414921113586
lora_rank_32,Projection LoRA rank 32,32,67,1.4211007609450599,0.6230920356657096,bus,6617,1.4621864616897904
lora_embedding_rank_8,Projection LoRA + tied embedding rank 8,8,404,1.2480721669727015,0.6508861631387924,mouse,37747,1.287704479306866
lora_embedding_rank_8,Projection LoRA + tied embedding rank 8,8,413,1.4091947048530256,0.6225687020910465,rabbit,38354,1.4467078055686222
lora_embedding_rank_8,Projection LoRA + tied embedding rank 8,8,343,1.3534134205552648,0.6294356096039913,boat,32070,1.4044091937101106
lora_embedding_rank_8,Projection LoRA + tied embedding rank 8,8,329,1.40211503808206,0.6140861901560983,brother,40167,1.4550096948908902
lora_embedding_rank_8,Projection LoRA + tied embedding rank 8,8,287,1.7645164091968941,0.560481780759262,parent,32795,1.7618189590699536
lora_embedding_rank_8,Projection LoRA + tied embedding rank 8,8,272,1.2680545932028997,0.6418860904407556,duck,27952,1.3372760907062886
lora_embedding_rank_8,Projection LoRA + tied embedding rank 8,8,277,1.2811500957727906,0.6349307031175668,sister,31531,1.3339120760914003
lora_embedding_rank_8,Projection LoRA + tied embedding rank 8,8,262,1.4259049519456246,0.6137450932286556,pet,32608,1.4769861250823333
lora_embedding_rank_8,Projection LoRA + tied embedding rank 8,8,172,1.363846733080756,0.6211931581143095,bicycle,19176,1.4311869398076484
lora_embedding_rank_8,Projection LoRA + tied embedding rank 8,8,169,1.563206094362877,0.5845778861068026,grandma,22565,1.600487969683988
lora_embedding_rank_8,Projection LoRA + tied embedding rank 8,8,160,1.3505589057619123,0.6296118255017426,lion,16642,1.4267463646833605
lora_embedding_rank_8,Projection LoRA + tied embedding rank 8,8,169,1.389234954156733,0.6271453491643689,fairy,17771,1.426087694815823
lora_embedding_rank_8,Projection LoRA + tied embedding rank 8,8,141,1.3369876707342463,0.6291650073012081,train,15066,1.383538286951486
lora_embedding_rank_8,Projection LoRA + tied embedding rank 8,8,117,1.2596992882324423,0.6488908220965637,cow,11495,1.3212808537244694
lora_embedding_rank_8,Projection LoRA + tied embedding rank 8,8,138,1.311805151514891,0.6292174115727521,wheel,17161,1.3840300309255846
lora_embedding_rank_8,Projection LoRA + tied embedding rank 8,8,115,1.2651895854128197,0.6470486261593135,monkey,11537,1.3062777888312997
lora_embedding_rank_8,Projection LoRA + tied embedding rank 8,8,82,1.5214621724763384,0.5942375702101103,princess,9614,1.562553229390496
lora_embedding_rank_8,Projection LoRA + tied embedding rank 8,8,94,1.429193464029135,0.6173043309380463,plane,10298,1.4550140697438871
lora_embedding_rank_8,Projection LoRA + tied embedding rank 8,8,97,1.2613265531219915,0.6532723510835239,elephant,9183,1.289885182065485
lora_embedding_rank_8,Projection LoRA + tied embedding rank 8,8,88,1.4484103341818555,0.6044358727097396,neighbor,10370,1.5130813592022847
lora_embedding_rank_8,Projection LoRA + tied embedding rank 8,8,84,1.4434834704929638,0.6170801831540838,dragon,9391,1.4940028169794644
lora_embedding_rank_8,Projection LoRA + tied embedding rank 8,8,81,1.3209385368626827,0.6292512769403265,queen,8027,1.3812554801878187
lora_embedding_rank_8,Projection LoRA + tied embedding rank 8,8,79,1.3167828212773924,0.624335274753102,horse,7898,1.5778599861574403
lora_embedding_rank_8,Projection LoRA + tied embedding rank 8,8,67,1.3749044220807265,0.6252077980958138,bus,6617,1.4144411520852016
lora_embedding_rank_32,Projection LoRA + tied embedding rank 32,32,404,1.2670377046946524,0.6465414470024108,mouse,37747,1.3072160664345502
lora_embedding_rank_32,Projection LoRA + tied embedding rank 32,32,413,1.428802088078531,0.6194138812118684,rabbit,38354,1.4667256627725835
lora_embedding_rank_32,Projection LoRA + tied embedding rank 32,32,343,1.3694031582393882,0.625444340505145,boat,32070,1.4215809764689584
lora_embedding_rank_32,Projection LoRA + tied embedding rank 32,32,329,1.4182741925925675,0.6108497024920955,brother,40167,1.4702782124013083
lora_embedding_rank_32,Projection LoRA + tied embedding rank 32,32,287,1.782206903104498,0.5571276109162983,parent,32795,1.779284588973285
lora_embedding_rank_32,Projection LoRA + tied embedding rank 32,32,272,1.286871537310283,0.6376645678305667,duck,27952,1.356505016394868
lora_embedding_rank_32,Projection LoRA + tied embedding rank 32,32,277,1.2943180692024308,0.6340109733278361,sister,31531,1.3466715135635134
lora_embedding_rank_32,Projection LoRA + tied embedding rank 32,32,262,1.4404449442747165,0.6104943572129539,pet,32608,1.492145002831479
lora_embedding_rank_32,Projection LoRA + tied embedding rank 32,32,172,1.3807204443535845,0.6181163954943679,bicycle,19176,1.4477413572467364
lora_embedding_rank_32,Projection LoRA + tied embedding rank 32,32,169,1.5815908382915709,0.5830711278528695,grandma,22565,1.6171500534803145
lora_embedding_rank_32,Projection LoRA + tied embedding rank 32,32,160,1.3704879091783388,0.626547289989184,lion,16642,1.4460022744329026
lora_embedding_rank_32,Projection LoRA + tied embedding rank 32,32,169,1.403922487321834,0.6234314332339205,fairy,17771,1.4414400013959117
lora_embedding_rank_32,Projection LoRA + tied embedding rank 32,32,141,1.3514608903445058,0.6262445240939865,train,15066,1.3997135811809143
lora_embedding_rank_32,Projection LoRA + tied embedding rank 32,32,117,1.270604410619621,0.6457590256633319,cow,11495,1.3340511400215311
lora_embedding_rank_32,Projection LoRA + tied embedding rank 32,32,138,1.3261353434097365,0.6266534584231688,wheel,17161,1.3968499856745125
lora_embedding_rank_32,Projection LoRA + tied embedding rank 32,32,115,1.2830832544960435,0.6428880991592268,monkey,11537,1.3248258220206062
lora_embedding_rank_32,Projection LoRA + tied embedding rank 32,32,82,1.5381119232516116,0.5925733305596006,princess,9614,1.5786589925443404
lora_embedding_rank_32,Projection LoRA + tied embedding rank 32,32,94,1.4499645507831496,0.6142940376772189,plane,10298,1.4742755757232018
lora_embedding_rank_32,Projection LoRA + tied embedding rank 32,32,97,1.2809040419575497,0.646411847979963,elephant,9183,1.3095746065788016
lora_embedding_rank_32,Projection LoRA + tied embedding rank 32,32,88,1.464118974645604,0.5996142719382835,neighbor,10370,1.5290525134757031
lora_embedding_rank_32,Projection LoRA + tied embedding rank 32,32,84,1.4568547306499402,0.6163347886274092,dragon,9391,1.5075151636227038
lora_embedding_rank_32,Projection LoRA + tied embedding rank 32,32,81,1.3397557581631057,0.6251401519870438,queen,8027,1.4007212252252734
lora_embedding_rank_32,Projection LoRA + tied embedding rank 32,32,79,1.336682849175943,0.6221828310964801,horse,7898,1.598712576283899
lora_embedding_rank_32,Projection LoRA + tied embedding rank 32,32,67,1.3974865534389451,0.6200695179084177,bus,6617,1.4351754150344505
