accuracy,stage,task
95.76271176338196,1,1
92.37288236618042,2,1
87.69230842590332,2,2
88.98305296897888,3,1
80.0000011920929,3,2
80.82191944122314,3,3
88.13559412956238,4,1
83.84615182876587,4,2
84.93150472640991,4,3
86.93181872367859,4,4
83.05084705352783,5,1
78.46153974533081,5,2
80.1369845867157,5,3
86.36363744735718,5,4
70.3125,5,5
82.20338821411133,6,1
74.61538314819336,6,2
78.76712083816528,6,3
82.95454382896423,6,4
82.03125,6,5
83.33333134651184,6,6
83.89830589294434,7,1
73.84615540504456,7,2
75.34246444702148,7,3
84.09090638160706,7,4
78.125,7,5
80.0000011920929,7,6
74.7826099395752,7,7
85.59321761131287,8,1
77.69230604171753,8,2
79.45205569267273,8,3
88.06818127632141,8,4
79.6875,8,5
81.66666626930237,8,6
79.1304349899292,8,7
89.47368264198303,8,8
82.20338821411133,9,1
76.92307829856873,9,2
76.02739930152893,9,3
87.5,9,4
78.125,9,5
74.16666746139526,9,6
75.65217614173889,9,7
84.21052694320679,9,8
81.34328126907349,9,9
81.35592937469482,10,1
76.92307829856873,10,2
73.97260069847107,10,3
85.22727489471436,10,4
78.125,10,5
75.0,10,6
76.52173638343811,10,7
84.21052694320679,10,8
73.88059496879578,10,9
80.4347813129425,10,10
82.20338821411133,11,1
79.23076748847961,11,2
76.7123281955719,11,3
84.09090638160706,11,4
78.90625,11,5
75.83333253860474,11,6
78.2608687877655,11,7
81.95488452911377,11,8
69.40298676490784,11,9
68.11594367027283,11,10
79.00000214576721,11,11
77.96609997749329,12,1
76.92307829856873,12,2
71.91780805587769,12,3
81.81818127632141,12,4
75.0,12,5
77.49999761581421,12,6
75.65217614173889,12,7
81.95488452911377,12,8
70.89552283287048,12,9
71.7391312122345,12,10
75.99999904632568,12,11
81.03448152542114,12,12
79.6610176563263,13,1
76.15384459495544,13,2
73.97260069847107,13,3
78.97727489471436,13,4
78.90625,13,5
75.83333253860474,13,6
76.52173638343811,13,7
83.45864415168762,13,8
67.91045069694519,13,9
71.7391312122345,13,10
70.99999785423279,13,11
74.13793206214905,13,12
87.4015748500824,13,13
77.96609997749329,14,1
73.84615540504456,14,2
69.8630154132843,14,3
78.40909361839294,14,4
74.21875,14,5
74.16666746139526,14,6
69.5652186870575,14,7
77.44361162185669,14,8
65.67164063453674,14,9
72.46376872062683,14,10
75.0,14,11
69.82758641242981,14,12
78.7401556968689,14,13
80.30303120613098,14,14
77.96609997749329,15,1
75.38461685180664,15,2
67.80821681022644,15,3
76.13636255264282,15,4
72.65625,15,5
71.66666388511658,15,6
70.43478488922119,15,7
78.94737124443054,15,8
62.68656849861145,15,9
69.5652186870575,15,10
72.00000286102295,15,11
74.13793206214905,15,12
73.22834730148315,15,13
68.18181872367859,15,14
67.24137663841248,15,15
82.20338821411133,16,1
78.46153974533081,16,2
77.39726305007935,16,3
82.95454382896423,16,4
75.0,16,5
78.33333611488342,16,6
77.3913025856018,16,7
84.21052694320679,16,8
73.13432693481445,16,9
72.46376872062683,16,10
77.99999713897705,16,11
75.0,16,12
82.67716765403748,16,13
78.03030014038086,16,14
65.51724076271057,16,15
80.45112490653992,16,16
79.6610176563263,17,1
78.46153974533081,17,2
70.54794430732727,17,3
78.40909361839294,17,4
75.0,17,5
80.0000011920929,17,6
74.7826099395752,17,7
82.70676732063293,17,8
67.91045069694519,17,9
72.46376872062683,17,10
72.00000286102295,17,11
75.0,17,12
80.31495809555054,17,13
76.51515007019043,17,14
62.068963050842285,17,15
66.16541147232056,17,16
80.15872836112976,17,17
80.5084764957428,18,1
77.69230604171753,18,2
71.23287916183472,18,3
78.97727489471436,18,4
73.4375,18,5
76.66666507720947,18,6
71.30434513092041,18,7
81.20300769805908,18,8
70.14925479888916,18,9
71.01449370384216,18,10
74.00000095367432,18,11
78.44827771186829,18,12
80.31495809555054,18,13
79.54545617103577,18,14
63.79310488700867,18,15
68.42105388641357,18,16
66.66666865348816,18,17
84.9056601524353,18,18
79.6610176563263,19,1
71.53846025466919,19,2
72.60273694992065,19,3
81.25,19,4
73.4375,19,5
75.0,19,6
75.65217614173889,19,7
81.20300769805908,19,8
71.6417908668518,19,9
69.5652186870575,19,10
70.99999785423279,19,11
71.55172228813171,19,12
80.31495809555054,19,13
77.27272510528564,19,14
64.65517282485962,19,15
69.92481350898743,19,16
65.8730149269104,19,17
74.52830076217651,19,18
79.81651425361633,19,19
77.11864113807678,20,1
75.38461685180664,20,2
74.65753555297852,20,3
81.25,20,4
72.65625,20,5
78.33333611488342,20,6
73.9130437374115,20,7
80.45112490653992,20,8
72.38805890083313,20,9
67.3913061618805,20,10
70.99999785423279,20,11
75.86206793785095,20,12
78.7401556968689,20,13
77.27272510528564,20,14
64.65517282485962,20,15
70.67669034004211,20,16
70.63491940498352,20,17
68.86792182922363,20,18
72.47706651687622,20,19
76.23762488365173,20,20
77.96609997749329,21,1
69.2307710647583,21,2
67.80821681022644,21,3
77.27272510528564,21,4
67.96875,21,5
74.16666746139526,21,6
68.6956524848938,21,7
84.21052694320679,21,8
66.41790866851807,21,9
68.84058117866516,21,10
73.00000190734863,21,11
74.13793206214905,21,12
77.95275449752808,21,13
69.69696879386902,21,14
65.51724076271057,21,15
68.42105388641357,21,16
69.04761791229248,21,17
70.75471878051758,21,18
70.64220309257507,21,19
61.38613820075989,21,20
84.72222089767456,21,21
77.96609997749329,22,1
71.53846025466919,22,2
67.80821681022644,22,3
82.95454382896423,22,4
72.65625,22,5
76.66666507720947,22,6
73.0434775352478,22,7
77.44361162185669,22,8
64.92537260055542,22,9
66.66666865348816,22,10
70.99999785423279,22,11
76.7241358757019,22,12
78.7401556968689,22,13
75.0,22,14
62.068963050842285,22,15
67.66917109489441,22,16
66.66666865348816,22,17
67.92452931404114,22,18
74.31192398071289,22,19
65.34653306007385,22,20
80.55555820465088,22,21
78.33333611488342,22,22
76.27118825912476,23,1
72.30769395828247,23,2
65.75342416763306,23,3
81.25,23,4
71.09375,23,5
75.0,23,6
69.5652186870575,23,7
79.69924807548523,23,8
61.94030046463013,23,9
64.49275612831116,23,10
66.00000262260437,23,11
74.13793206214905,23,12
74.01574850082397,23,13
70.45454382896423,23,14
61.20689511299133,23,15
63.90977501869202,23,16
67.46031641960144,23,17
70.75471878051758,23,18
69.72476840019226,23,19
65.34653306007385,23,20
77.08333134651184,23,21
55.83333373069763,23,22
79.48718070983887,23,23
77.96609997749329,24,1
72.30769395828247,24,2
71.91780805587769,24,3
80.11363744735718,24,4
71.09375,24,5
77.49999761581421,24,6
71.30434513092041,24,7
81.20300769805908,24,8
70.14925479888916,24,9
70.28985619544983,24,10
66.00000262260437,24,11
72.41379022598267,24,12
80.31495809555054,24,13
76.51515007019043,24,14
63.79310488700867,24,15
66.91729426383972,24,16
71.42857313156128,24,17
69.8113203048706,24,18
73.39449524879456,24,19
64.35643434524536,24,20
77.08333134651184,24,21
63.333332538604736,24,22
70.08547186851501,24,23
80.23256063461304,24,24
76.27118825912476,25,1
72.30769395828247,25,2
69.8630154132843,25,3
80.11363744735718,25,4
71.875,25,5
76.66666507720947,25,6
68.6956524848938,25,7
79.69924807548523,25,8
64.92537260055542,25,9
71.01449370384216,25,10
61.000001430511475,25,11
69.82758641242981,25,12
76.37795209884644,25,13
71.21211886405945,25,14
57.758623361587524,25,15
64.6616518497467,25,16
73.01587462425232,25,17
68.86792182922363,25,18
67.88991093635559,25,19
62.37623691558838,25,20
73.61111044883728,25,21
57.499998807907104,25,22
66.66666865348816,25,23
70.9302306175232,25,24
75.38461685180664,25,25
77.11864113807678,26,1
73.84615540504456,26,2
65.75342416763306,26,3
78.40909361839294,26,4
72.65625,26,5
71.66666388511658,26,6
66.9565200805664,26,7
78.94737124443054,26,8
67.16417670249939,26,9
65.94203114509583,26,10
62.00000047683716,26,11
68.1034505367279,26,12
79.52755689620972,26,13
69.69696879386902,26,14
58.62069129943848,26,15
65.41353464126587,26,16
72.22222089767456,26,17
70.75471878051758,26,18
65.13761281967163,26,19
62.37623691558838,26,20
72.22222089767456,26,21
62.5,26,22
62.39316463470459,26,23
61.62790656089783,26,24
67.69230961799622,26,25
79.67479825019836,26,26
79.6610176563263,27,1
74.61538314819336,27,2
64.38356041908264,27,3
78.40909361839294,27,4
71.09375,27,5
70.83333134651184,27,6
58.2608699798584,27,7
78.94737124443054,27,8
63.43283653259277,27,9
65.94203114509583,27,10
61.000001430511475,27,11
66.37930870056152,27,12
75.59055089950562,27,13
68.18181872367859,27,14
55.17241358757019,27,15
61.654132604599,27,16
67.46031641960144,27,17
70.75471878051758,27,18
61.46789193153381,27,19
58.415842056274414,27,20
71.52777910232544,27,21
58.33333134651184,27,22
58.11966061592102,27,23
65.11628031730652,27,24
64.61538672447205,27,25
65.04064798355103,27,26
75.2212405204773,27,27
77.96609997749329,28,1
76.15384459495544,28,2
66.4383590221405,28,3
77.84090638160706,28,4
68.75,28,5
70.83333134651184,28,6
65.21739363670349,28,7
77.44361162185669,28,8
67.91045069694519,28,9
67.3913061618805,28,10
61.000001430511475,28,11
62.931036949157715,28,12
77.16535329818726,28,13
72.72727489471436,28,14
55.17241358757019,28,15
62.406015396118164,28,16
70.63491940498352,28,17
71.69811129570007,28,18
60.550457239151,28,19
57.42574334144592,28,20
69.44444179534912,28,21
59.16666388511658,28,22
58.11966061592102,28,23
67.44186282157898,28,24
67.69230961799622,28,25
60.16260385513306,28,26
68.14159154891968,28,27
81.3725471496582,28,28
72.03390002250671,29,1
70.76923251152039,29,2
66.4383590221405,29,3
74.43181872367859,29,4
66.40625,29,5
63.333332538604736,29,6
66.08695387840271,29,7
75.93985199928284,29,8
62.68656849861145,29,9
65.21739363670349,29,10
60.00000238418579,29,11
70.68965435028076,29,12
71.65354490280151,29,13
71.96969985961914,29,14
55.17241358757019,29,15
61.654132604599,29,16
62.69841194152832,29,17
67.92452931404114,29,18
49.54128563404083,29,19
60.3960394859314,29,20
67.36111044883728,29,21
63.333332538604736,29,22
56.41025900840759,29,23
55.81395626068115,29,24
60.00000238418579,29,25
62.60162591934204,29,26
66.37167930603027,29,27
79.41176295280457,29,28
78.94737124443054,29,29
77.11864113807678,30,1
73.07692170143127,30,2
64.38356041908264,30,3
70.45454382896423,30,4
71.09375,30,5
68.33333373069763,30,6
60.00000238418579,30,7
76.69172883033752,30,8
64.92537260055542,30,9
68.11594367027283,30,10
62.99999952316284,30,11
69.82758641242981,30,12
68.50393414497375,30,13
68.9393937587738,30,14
56.03448152542114,30,15
59.39849615097046,30,16
65.8730149269104,30,17
66.98113083839417,30,18
55.96330165863037,30,19
56.43564462661743,30,20
66.66666865348816,30,21
60.00000238418579,30,22
49.57264959812164,30,23
72.09302186965942,30,24
64.61538672447205,30,25
59.34959053993225,30,26
67.25663542747498,30,27
75.49019455909729,30,28
58.77193212509155,30,29
81.30841255187988,30,30
76.27118825912476,31,1
68.46153736114502,31,2
65.06849527359009,31,3
68.18181872367859,31,4
66.40625,31,5
69.16666626930237,31,6
59.130436182022095,31,7
78.19548845291138,31,8
60.447758436203,31,9
67.3913061618805,31,10
58.99999737739563,31,11
68.96551847457886,31,12
73.22834730148315,31,13
59.84848737716675,31,14
54.31034564971924,31,15
58.64661931991577,31,16
65.8730149269104,31,17
62.26415038108826,31,18
53.21100950241089,31,19
56.43564462661743,31,20
65.27777910232544,31,21
57.499998807907104,31,22
47.0085471868515,31,23
63.95348906517029,31,24
63.07692527770996,31,25
59.34959053993225,31,26
61.94690465927124,31,27
74.50980544090271,31,28
62.28070259094238,31,29
69.62617039680481,31,30
79.82456088066101,31,31
77.11864113807678,32,1
77.69230604171753,32,2
71.23287916183472,32,3
78.40909361839294,32,4
79.6875,32,5
79.16666865348816,32,6
71.30434513092041,32,7
81.95488452911377,32,8
67.16417670249939,32,9
73.9130437374115,32,10
68.99999976158142,32,11
74.13793206214905,32,12
77.95275449752808,32,13
77.27272510528564,32,14
68.96551847457886,32,15
69.17293071746826,32,16
73.01587462425232,32,17
83.01886916160583,32,18
70.64220309257507,32,19
68.31682920455933,32,20
79.16666865348816,32,21
73.33333492279053,32,22
68.37607026100159,32,23
70.9302306175232,32,24
70.76923251152039,32,25
78.04877758026123,32,26
73.45132827758789,32,27
82.35294222831726,32,28
70.17543911933899,32,29
77.57009267807007,32,30
78.0701756477356,32,31
82.52426981925964,32,32
72.03390002250671,33,1
76.92307829856873,33,2
71.91780805587769,33,3
79.54545617103577,33,4
75.78125,33,5
74.16666746139526,33,6
67.8260862827301,33,7
79.69924807548523,33,8
69.40298676490784,33,9
73.9130437374115,33,10
68.00000071525574,33,11
74.13793206214905,33,12
75.59055089950562,33,13
78.03030014038086,33,14
67.24137663841248,33,15
69.17293071746826,33,16
76.98412537574768,33,17
82.07547068595886,33,18
67.88991093635559,33,19
55.44554591178894,33,20
78.47222089767456,33,21
72.50000238418579,33,22
70.08547186851501,33,23
70.9302306175232,33,24
72.30769395828247,33,25
78.86179089546204,33,26
72.56637215614319,33,27
80.39215803146362,33,28
65.78947305679321,33,29
75.70093274116516,33,30
77.19298005104065,33,31
67.96116232872009,33,32
83.7837815284729,33,33
74.57627058029175,34,1
79.23076748847961,34,2
70.54794430732727,34,3
75.0,34,4
79.6875,34,5
75.83333253860474,34,6
68.6956524848938,34,7
81.20300769805908,34,8
64.92537260055542,34,9
73.18840622901917,34,10
63.999998569488525,34,11
69.82758641242981,34,12
71.65354490280151,34,13
78.78788113594055,34,14
66.37930870056152,34,15
66.91729426383972,34,16
72.22222089767456,34,17
76.41509175300598,34,18
67.88991093635559,34,19
58.415842056274414,34,20
81.25,34,21
69.9999988079071,34,22
73.50427508354187,34,23
74.41860437393188,34,24
66.15384817123413,34,25
77.2357702255249,34,26
70.79645991325378,34,27
81.3725471496582,34,28
66.66666865348816,34,29
76.16822719573975,34,30
74.56140518188477,34,31
66.01941585540771,34,32
72.07207083702087,34,33
84.28571224212646,34,34
72.03390002250671,35,1
75.38461685180664,35,2
67.80821681022644,35,3
70.45454382896423,35,4
73.4375,35,5
73.33333492279053,35,6
66.9565200805664,35,7
77.44361162185669,35,8
64.1791045665741,35,9
68.84058117866516,35,10
62.99999952316284,35,11
62.068963050842285,35,12
71.65354490280151,35,13
68.9393937587738,35,14
63.79310488700867,35,15
70.67669034004211,35,16
69.04761791229248,35,17
75.47169923782349,35,18
69.72476840019226,35,19
58.415842056274414,35,20
81.25,35,21
70.83333134651184,35,22
62.39316463470459,35,23
67.44186282157898,35,24
63.07692527770996,35,25
73.98374080657959,35,26
65.48672318458557,35,27
78.43137383460999,35,28
64.0350878238678,35,29
74.76635575294495,35,30
73.68420958518982,35,31
63.10679316520691,35,32
76.57657861709595,35,33
71.42857313156128,35,34
80.85106611251831,35,35
71.18644118309021,36,1
69.9999988079071,36,2
70.54794430732727,36,3
77.27272510528564,36,4
75.78125,36,5
75.83333253860474,36,6
63.4782612323761,36,7
77.44361162185669,36,8
61.94030046463013,36,9
71.01449370384216,36,10
68.00000071525574,36,11
64.65517282485962,36,12
74.8031497001648,36,13
71.96969985961914,36,14
67.24137663841248,36,15
66.91729426383972,36,16
73.01587462425232,36,17
79.24528121948242,36,18
71.55963182449341,36,19
62.37623691558838,36,20
80.55555820465088,36,21
69.16666626930237,36,22
70.08547186851501,36,23
67.44186282157898,36,24
67.69230961799622,36,25
77.2357702255249,36,26
64.60176706314087,36,27
81.3725471496582,36,28
67.54385828971863,36,29
73.36448431015015,36,30
74.56140518188477,36,31
62.13592290878296,36,32
72.972971200943,36,33
78.57142686843872,36,34
65.2482271194458,36,35
87.01298832893372,36,36
78.81355881690979,37,1
72.30769395828247,37,2
63.01369667053223,37,3
76.13636255264282,37,4
77.34375,37,5
75.0,37,6
60.00000238418579,37,7
75.93985199928284,37,8
63.43283653259277,37,9
71.01449370384216,37,10
58.99999737739563,37,11
60.34482717514038,37,12
73.22834730148315,37,13
74.24242496490479,37,14
62.931036949157715,37,15
65.41353464126587,37,16
70.63491940498352,37,17
79.24528121948242,37,18
65.13761281967163,37,19
59.405940771102905,37,20
77.08333134651184,37,21
66.66666865348816,37,22
71.79487347602844,37,23
62.79069781303406,37,24
69.2307710647583,37,25
73.98374080657959,37,26
63.716816902160645,37,27
79.41176295280457,37,28
60.52631735801697,37,29
72.89719581604004,37,30
74.56140518188477,37,31
54.36893105506897,37,32
67.56756901741028,37,33
57.14285969734192,37,34
64.53900933265686,37,35
74.67532753944397,37,36
75.15923380851746,37,37
66.10169410705566,38,1
72.30769395828247,38,2
65.75342416763306,38,3
74.43181872367859,38,4
76.5625,38,5
75.0,38,6
60.00000238418579,38,7
78.19548845291138,38,8
61.194032430648804,38,9
72.46376872062683,38,10
64.99999761581421,38,11
61.20689511299133,38,12
70.07874250411987,38,13
70.45454382896423,38,14
60.34482717514038,38,15
62.406015396118164,38,16
73.8095223903656,38,17
78.30188870429993,38,18
62.38532066345215,38,19
63.36633563041687,38,20
80.55555820465088,38,21
64.99999761581421,38,22
61.538463830947876,38,23
58.139532804489136,38,24
66.15384817123413,38,25
72.35772609710693,38,26
67.25663542747498,38,27
78.43137383460999,38,28
63.15789222717285,38,29
68.22429895401001,38,30
74.56140518188477,38,31
60.19417643547058,38,32
70.27027010917664,38,33
71.42857313156128,38,34
68.79432797431946,38,35
72.72727489471436,38,36
63.05732727050781,38,37
90.20978808403015,38,38
71.18644118309021,39,1
71.53846025466919,39,2
63.69863152503967,39,3
68.75,39,4
72.65625,39,5
72.50000238418579,39,6
63.4782612323761,39,7
77.44361162185669,39,8
58.20895433425903,39,9
71.7391312122345,39,10
57.999998331069946,39,11
62.068963050842285,39,12
72.44094610214233,39,13
66.66666865348816,39,14
59.48275923728943,39,15
63.90977501869202,39,16
68.2539701461792,39,17
76.41509175300598,39,18
63.30274939537048,39,19
62.37623691558838,39,20
76.38888955116272,39,21
64.99999761581421,39,22
65.81196784973145,39,23
65.11628031730652,39,24
67.69230961799622,39,25
73.98374080657959,39,26
62.83186078071594,39,27
77.45097875595093,39,28
66.66666865348816,39,29
72.89719581604004,39,30
76.31579041481018,39,31
57.281553745269775,39,32
67.56756901741028,39,33
69.9999988079071,39,34
67.3758864402771,39,35
74.02597665786743,39,36
54.14012670516968,39,37
77.62237787246704,39,38
90.35087823867798,39,39
70.3389823436737,40,1
76.15384459495544,40,2
65.06849527359009,40,3
69.88636255264282,40,4
75.0,40,5
75.0,40,6
66.08695387840271,40,7
78.94737124443054,40,8
61.194032430648804,40,9
71.7391312122345,40,10
67.00000166893005,40,11
64.65517282485962,40,12
71.65354490280151,40,13
71.21211886405945,40,14
62.931036949157715,40,15
64.6616518497467,40,16
76.1904776096344,40,17
76.41509175300598,40,18
67.88991093635559,40,19
60.3960394859314,40,20
77.08333134651184,40,21
68.33333373069763,40,22
64.10256624221802,40,23
62.79069781303406,40,24
69.2307710647583,40,25
69.91869807243347,40,26
64.60176706314087,40,27
72.54902124404907,40,28
62.28070259094238,40,29
72.42990732192993,40,30
77.19298005104065,40,31
66.01941585540771,40,32
70.27027010917664,40,33
64.28571343421936,40,34
68.08510422706604,40,35
75.32467246055603,40,36
54.14012670516968,40,37
81.1188817024231,40,38
79.82456088066101,40,39
83.33333134651184,40,40
70.3389823436737,41,1
73.07692170143127,41,2
64.38356041908264,41,3
74.43181872367859,41,4
70.3125,41,5
75.83333253860474,41,6
64.3478274345398,41,7
74.43609237670898,41,8
62.68656849861145,41,9
72.46376872062683,41,10
67.00000166893005,41,11
56.896549463272095,41,12
72.44094610214233,41,13
68.9393937587738,41,14
57.758623361587524,41,15
59.39849615097046,41,16
73.01587462425232,41,17
76.41509175300598,41,18
63.30274939537048,41,19
62.37623691558838,41,20
78.47222089767456,41,21
64.99999761581421,41,22
63.247865438461304,41,23
63.95348906517029,41,24
66.15384817123413,41,25
71.54471278190613,41,26
65.48672318458557,41,27
78.43137383460999,41,28
64.91228342056274,41,29
68.69158744812012,41,30
76.31579041481018,41,31
57.281553745269775,41,32
67.56756901741028,41,33
67.14285612106323,41,34
67.3758864402771,41,35
74.67532753944397,41,36
54.77706789970398,41,37
75.52447319030762,41,38
70.17543911933899,41,39
68.84058117866516,41,40
72.972971200943,41,41
64.40678238868713,42,1
70.76923251152039,42,2
60.273975133895874,42,3
71.59090638160706,42,4
74.21875,42,5
75.0,42,6
63.4782612323761,42,7
77.44361162185669,42,8
57.46268630027771,42,9
71.01449370384216,42,10
64.99999761581421,42,11
56.896549463272095,42,12
67.71653294563293,42,13
69.69696879386902,42,14
61.20689511299133,42,15
60.15037298202515,42,16
67.46031641960144,42,17
78.30188870429993,42,18
63.30274939537048,42,19
58.415842056274414,42,20
79.16666865348816,42,21
67.5000011920929,42,22
63.247865438461304,42,23
59.302324056625366,42,24
67.69230961799622,42,25
71.54471278190613,42,26
61.06194853782654,42,27
79.41176295280457,42,28
61.40350699424744,42,29
71.49532437324524,42,30
73.68420958518982,42,31
57.281553745269775,42,32
65.76576828956604,42,33
68.57143044471741,42,34
70.92198729515076,42,35
73.3766257762909,42,36
54.77706789970398,42,37
75.52447319030762,42,38
71.05262875556946,42,39
68.11594367027283,42,40
55.40540814399719,42,41
73.52941036224365,42,42
65.25423526763916,43,1
71.53846025466919,43,2
63.01369667053223,43,3
71.02272510528564,43,4
73.4375,43,5
75.0,43,6
61.739128828048706,43,7
72.93233275413513,43,8
57.46268630027771,43,9
71.01449370384216,43,10
62.99999952316284,43,11
57.758623361587524,43,12
69.29134130477905,43,13
70.45454382896423,43,14
60.34482717514038,43,15
61.654132604599,43,16
69.84127163887024,43,17
75.47169923782349,43,18
60.550457239151,43,19
59.405940771102905,43,20
77.77777910232544,43,21
62.5,43,22
55.55555820465088,43,23
58.139532804489136,43,24
63.07692527770996,43,25
71.54471278190613,43,26
60.176992416381836,43,27
78.43137383460999,43,28
63.15789222717285,43,29
67.2897219657898,43,30
74.56140518188477,43,31
53.39806079864502,43,32
65.76576828956604,43,33
67.14285612106323,43,34
66.66666865348816,43,35
72.07792401313782,43,36
56.05095624923706,43,37
76.22377872467041,43,38
70.17543911933899,43,39
65.21739363670349,43,40
55.40540814399719,43,41
56.61764740943909,43,42
83.33333134651184,43,43
72.03390002250671,44,1
66.92307591438293,44,2
67.12328791618347,44,3
71.02272510528564,44,4
75.0,44,5
74.16666746139526,44,6
66.08695387840271,44,7
75.18796920776367,44,8
60.447758436203,44,9
73.18840622901917,44,10
66.00000262260437,44,11
61.20689511299133,44,12
70.07874250411987,44,13
66.66666865348816,44,14
56.896549463272095,44,15
60.90225577354431,44,16
66.66666865348816,44,17
76.41509175300598,44,18
61.46789193153381,44,19
58.415842056274414,44,20
79.16666865348816,44,21
64.16666507720947,44,22
58.11966061592102,44,23
60.4651153087616,44,24
61.538463830947876,44,25
70.7317054271698,44,26
62.83186078071594,44,27
79.41176295280457,44,28
63.15789222717285,44,29
70.56074738502502,44,30
76.31579041481018,44,31
54.36893105506897,44,32
66.66666865348816,44,33
65.71428775787354,44,34
58.865249156951904,44,35
73.3766257762909,44,36
50.31847357749939,44,37
73.42657446861267,44,38
69.29824352264404,44,39
68.84058117866516,44,40
50.0,44,41
60.29411554336548,44,42
68.75,44,43
79.45205569267273,44,44
66.10169410705566,45,1
66.15384817123413,45,2
61.64383292198181,45,3
69.88636255264282,45,4
70.3125,45,5
75.83333253860474,45,6
59.130436182022095,45,7
73.68420958518982,45,8
61.194032430648804,45,9
73.9130437374115,45,10
61.000001430511475,45,11
57.758623361587524,45,12
71.65354490280151,45,13
65.90909361839294,45,14
56.896549463272095,45,15
63.90977501869202,45,16
71.42857313156128,45,17
76.41509175300598,45,18
64.2201840877533,45,19
55.44554591178894,45,20
79.16666865348816,45,21
62.5,45,22
58.11966061592102,45,23
51.16279125213623,45,24
63.07692527770996,45,25
65.04064798355103,45,26
63.716816902160645,45,27
77.45097875595093,45,28
61.40350699424744,45,29
70.09345889091492,45,30
75.43859481811523,45,31
53.39806079864502,45,32
70.27027010917664,45,33
62.85714507102966,45,34
60.9929084777832,45,35
74.02597665786743,45,36
57.324838638305664,45,37
76.22377872467041,45,38
70.17543911933899,45,39
64.49275612831116,45,40
56.75675868988037,45,41
55.14705777168274,45,42
66.66666865348816,45,43
65.75342416763306,45,44
89.52381014823914,45,45
69.4915235042572,46,1
64.61538672447205,46,2
61.64383292198181,46,3
69.31818127632141,46,4
64.84375,46,5
72.50000238418579,46,6
63.4782612323761,46,7
72.93233275413513,46,8
60.447758436203,46,9
68.84058117866516,46,10
58.99999737739563,46,11
53.448277711868286,46,12
71.65354490280151,46,13
56.81818127632141,46,14
58.62069129943848,46,15
55.639100074768066,46,16
64.28571343421936,46,17
77.35849022865295,46,18
62.38532066345215,46,19
57.42574334144592,46,20
79.16666865348816,46,21
65.83333611488342,46,22
58.11966061592102,46,23
51.16279125213623,46,24
56.92307949066162,46,25
62.60162591934204,46,26
61.06194853782654,46,27
73.52941036224365,46,28
58.77193212509155,46,29
67.7570104598999,46,30
68.42105388641357,46,31
49.514561891555786,46,32
66.66666865348816,46,33
60.00000238418579,46,34
58.865249156951904,46,35
70.77922224998474,46,36
56.05095624923706,46,37
69.2307710647583,46,38
70.17543911933899,46,39
57.971012592315674,46,40
52.70270109176636,46,41
52.941179275512695,46,42
66.66666865348816,46,43
65.75342416763306,46,44
86.66666746139526,46,45
78.7401556968689,46,46
62.711864709854126,47,1
61.538463830947876,47,2
60.273975133895874,47,3
67.04545617103577,47,4
65.625,47,5
72.50000238418579,47,6
63.4782612323761,47,7
66.91729426383972,47,8
61.194032430648804,47,9
65.21739363670349,47,10
51.99999809265137,47,11
54.31034564971924,47,12
69.29134130477905,47,13
56.81818127632141,47,14
53.448277711868286,47,15
60.15037298202515,47,16
67.46031641960144,47,17
74.52830076217651,47,18
62.38532066345215,47,19
53.46534848213196,47,20
74.30555820465088,47,21
62.5,47,22
54.700857400894165,47,23
50.0,47,24
60.00000238418579,47,25
58.53658318519592,47,26
60.176992416381836,47,27
65.6862735748291,47,28
62.28070259094238,47,29
69.15887594223022,47,30
65.78947305679321,47,31
47.57281541824341,47,32
61.26126050949097,47,33
62.85714507102966,47,34
60.28369069099426,47,35
72.07792401313782,47,36
57.96178579330444,47,37
69.2307710647583,47,38
65.78947305679321,47,39
57.971012592315674,47,40
51.35135054588318,47,41
49.264705181121826,47,42
64.58333134651184,47,43
58.90411138534546,47,44
81.90476298332214,47,45
59.84252095222473,47,46
80.53097128868103,47,47
71.18644118309021,48,1
66.15384817123413,48,2
62.32876777648926,48,3
73.29545617103577,48,4
70.3125,48,5
71.66666388511658,48,6
63.4782612323761,48,7
69.92481350898743,48,8
61.94030046463013,48,9
71.7391312122345,48,10
60.00000238418579,48,11
60.34482717514038,48,12
71.65354490280151,48,13
62.12121248245239,48,14
60.34482717514038,48,15
65.41353464126587,48,16
69.84127163887024,48,17
77.35849022865295,48,18
66.05504751205444,48,19
55.44554591178894,48,20
78.47222089767456,48,21
62.5,48,22
63.247865438461304,48,23
55.81395626068115,48,24
64.61538672447205,48,25
64.2276406288147,48,26
61.06194853782654,48,27
74.50980544090271,48,28
62.28070259094238,48,29
69.15887594223022,48,30
72.80701994895935,48,31
54.36893105506897,48,32
78.37837934494019,48,33
67.14285612106323,48,34
65.2482271194458,48,35
77.27272510528564,48,36
58.598726987838745,48,37
75.52447319030762,48,38
66.66666865348816,48,39
67.3913061618805,48,40
52.70270109176636,48,41
58.82353186607361,48,42
67.70833134651184,48,43
67.12328791618347,48,44
83.80952477455139,48,45
67.71653294563293,48,46
70.79645991325378,48,47
77.3913025856018,48,48
67.79661178588867,49,1
63.846153020858765,49,2
59.58904027938843,49,3
67.04545617103577,49,4
64.84375,49,5
68.33333373069763,49,6
58.2608699798584,49,7
69.92481350898743,49,8
60.447758436203,49,9
60.86956262588501,49,10
62.00000047683716,49,11
57.758623361587524,49,12
69.29134130477905,49,13
51.51515007019043,49,14
56.03448152542114,49,15
59.39849615097046,49,16
62.69841194152832,49,17
77.35849022865295,49,18
62.38532066345215,49,19
56.43564462661743,49,20
72.91666865348816,49,21
62.5,49,22
55.55555820465088,49,23
53.48837375640869,49,24
60.00000238418579,49,25
69.91869807243347,49,26
58.40708017349243,49,27
73.52941036224365,49,28
56.14035129547119,49,29
69.15887594223022,49,30
72.80701994895935,49,31
50.485438108444214,49,32
74.77477192878723,49,33
65.71428775787354,49,34
60.9929084777832,49,35
75.97402334213257,49,36
54.77706789970398,49,37
72.72727489471436,49,38
62.28070259094238,49,39
63.76811861991882,49,40
51.35135054588318,49,41
51.47058963775635,49,42
61.45833134651184,49,43
57.534247636795044,49,44
82.85714387893677,49,45
57.48031735420227,49,46
66.37167930603027,49,47
62.6086950302124,49,48
81.7307710647583,49,49
70.3389823436737,50,1
68.46153736114502,50,2
60.273975133895874,50,3
67.61363744735718,50,4
65.625,50,5
71.66666388511658,50,6
63.4782612323761,50,7
69.92481350898743,50,8
61.94030046463013,50,9
66.66666865348816,50,10
62.00000047683716,50,11
56.03448152542114,50,12
74.01574850082397,50,13
59.090906381607056,50,14
61.20689511299133,50,15
56.390976905822754,50,16
69.04761791229248,50,17
78.30188870429993,50,18
61.46789193153381,50,19
61.38613820075989,50,20
72.91666865348816,50,21
62.5,50,22
54.700857400894165,50,23
53.48837375640869,50,24
60.00000238418579,50,25
71.54471278190613,50,26
61.06194853782654,50,27
75.49019455909729,50,28
60.52631735801697,50,29
69.15887594223022,50,30
72.80701994895935,50,31
53.39806079864502,50,32
69.36936974525452,50,33
65.71428775787354,50,34
63.82978558540344,50,35
75.32467246055603,50,36
54.77706789970398,50,37
72.72727489471436,50,38
62.28070259094238,50,39
65.21739363670349,50,40
56.75675868988037,50,41
52.20588445663452,50,42
63.54166865348816,50,43
61.64383292198181,50,44
83.80952477455139,50,45
64.56692814826965,50,46
65.48672318458557,50,47
58.2608699798584,50,48
72.11538553237915,50,49
88.1818175315857,50,50
