adapt_lora,condition,epoch,gradient_norm_mean,historical_capacity,image_presentations,lora_learning_rate,macro_learning_rate,optimizer_steps,train_objective_accuracy,train_objective_nll,validation_accuracy,validation_nll,wall_seconds
True,"Frontier LoRA adaptation (H=1,024)",1,11.703676960685037,1024,1391,0.0002,1.2e-05,22,4.385334291876348,5.261692071800863,1.9678583142013775,5.7085068234462115,30.46413035877049
True,"Frontier LoRA adaptation (H=1,024)",2,9.952988321130926,1024,2782,0.0004,2.4e-05,44,20.848310567936736,4.11888097328389,8.265004919645785,4.658001983232207,56.350069247186184
True,"Frontier LoRA adaptation (H=1,024)",3,8.755007787184281,1024,4173,0.0004998879501747649,2.9993277010485895e-05,66,44.93170381020848,2.6368168132241725,34.011151197113804,3.1954466212026484,82.60558535531163
True,"Frontier LoRA adaptation (H=1,024)",4,7.255369663238525,1024,5564,0.0004988534095981426,2.9931204575888553e-05,88,72.32207045291157,1.3030826450679733,46.146277468022305,2.5360806353485517,108.62984273210168
True,"Frontier LoRA adaptation (H=1,024)",5,5.7037105777046895,1024,6955,0.0004967395643290278,2.980437385974167e-05,110,85.47807332854062,0.7269808935827698,50.737946867825514,2.2827318416106266,134.74562095478177
True,"Frontier LoRA adaptation (H=1,024)",6,4.720872954888777,1024,8346,0.0004935556753844361,2.9613340523066165e-05,132,90.1509705248023,0.5139726025864514,52.96818629058708,2.1629470895258627,161.3860800229013
True,"Frontier LoRA adaptation (H=1,024)",7,4.142896316268227,1024,9737,0.0004893156917747908,2.9358941506487447e-05,154,92.73903666427032,0.38410907953784756,52.83699573630699,2.1370787453205713,187.77902006357908
True,"Frontier LoRA adaptation (H=1,024)",8,4.187254829840227,1024,11128,0.0004840381893915863,2.9042291363495177e-05,176,93.02659956865564,0.3256869161840311,54.50967530337816,2.0742475485246508,213.8128218986094
True,"Frontier LoRA adaptation (H=1,024)",9,3.6603902253237637,1024,12519,0.000477746289624115,2.8664777377446898e-05,198,94.10496046010064,0.30623534906690364,55.13283043620859,2.097585018129183,239.9871397651732
True,"Frontier LoRA adaptation (H=1,024)",10,3.4661973172968086,1024,13910,0.0004704675580618071,2.8228053483708427e-05,220,94.68008626887132,0.2710047015005697,55.13283043620859,2.055674682096717,266.220960970968
True,"Frontier LoRA adaptation (H=1,024)",11,3.3402031768452036,1024,15301,0.0004622338837259814,2.7734033023558886e-05,242,95.11143062544932,0.2574691378238988,56.14955723187931,1.981614242658806,292.26532305404544
True,"Frontier LoRA adaptation (H=1,024)",12,3.3071887764063748,1024,16692,0.0004530813393601067,2.7184880361606398e-05,264,94.53630481667865,0.2627439084111316,55.16562807477862,2.0381636076889964,318.25363218411803
True,"Frontier LoRA adaptation (H=1,024)",13,3.1482319235801697,1024,18083,0.0004430500233906607,2.658300140343964e-05,286,95.03953989935299,0.22259835216486565,55.13283043620859,2.022182538416316,345.17781251482666
True,"Frontier LoRA adaptation (H=1,024)",14,3.109215324575251,1024,19474,0.0004321838842509749,2.5931033055058493e-05,308,95.61466570812365,0.20202640215327292,56.54312889471958,1.9770334230637543,371.45014672353864
True,"Frontier LoRA adaptation (H=1,024)",15,2.752742978659543,1024,20865,0.0004205305278377239,2.5231831670263432e-05,330,96.26168224299066,0.1906814720886033,55.067235159068545,2.0239875921072357,397.6040248628706
True,"Frontier LoRA adaptation (H=1,024)",16,3.011079815301028,1024,22256,0.00040814100894361624,2.4488460536616973e-05,352,95.47088425593098,0.21145408741438843,55.591997376188914,2.0041915853518506,423.82654857076705
True,"Frontier LoRA adaptation (H=1,024)",17,2.562581078572707,1024,23647,0.00039506960758004683,2.370417645480281e-05,374,97.19626168224299,0.1479610779746499,55.10003279763857,2.0407637398764518,450.0515549592674
True,"Frontier LoRA adaptation (H=1,024)",18,2.794135873967951,1024,25038,0.0003813735911696674,2.288241547018004e-05,396,96.11790079079799,0.17475902768538892,56.77271236470974,1.972785454259305,476.7169303987175
True,"Frontier LoRA adaptation (H=1,024)",19,2.5032910975542935,1024,26429,0.00036711296365073994,2.2026777819044395e-05,418,96.83680805176132,0.14573036484543495,54.44408002623811,2.0837761968735906,503.2448821272701
True,"Frontier LoRA adaptation (H=1,024)",20,2.667871735312722,1024,27820,0.00035235020259247765,2.114101215554866e-05,440,95.97411933860532,0.15193820411056858,55.13283043620859,2.085652112100663,529.3258367031813
True,"Frontier LoRA adaptation (H=1,024)",21,2.5158215110952202,1024,29211,0.00033714998547310304,2.0228999128386183e-05,462,96.54924514737598,0.15845632364559653,55.526402099048866,2.0132828409376984,555.5910352636129
True,"Frontier LoRA adaptation (H=1,024)",22,2.4133312647992913,1024,30602,0.0003215789063198334,1.9294734379190003e-05,484,97.12437095614666,0.130179245809614,54.93604460478846,2.0410528911766987,582.109474003315
True,"Frontier LoRA adaptation (H=1,024)",23,2.5058624906973406,1024,31993,0.00030570518395222853,1.834231103713371e-05,506,96.69302659956865,0.14918330759559922,55.526402099048866,2.0284778498633647,608.2647939473391
True,"Frontier LoRA adaptation (H=1,024)",24,1.9598922594027086,1024,33384,0.00028959836310712235,1.737590178642734e-05,528,98.20273184759166,0.10072303375351095,56.64152181042965,1.9690069597093502,634.3100494351238
True,"Frontier LoRA adaptation (H=1,024)",25,2.0328929857774214,1024,34775,0.00027332900975454797,1.639974058527288e-05,550,97.48382458662833,0.11312727719052587,56.47753361757953,1.9902168841939083,660.0489264726639
True,"Frontier LoRA adaptation (H=1,024)",26,2.022030223499645,1024,36166,0.00025696840193951373,1.5418104116370822e-05,572,98.058950395399,0.10908720297919684,55.296818629058706,2.074492712574499,686.2314339913428
True,"Frontier LoRA adaptation (H=1,024)",27,2.2278073592619463,1024,37557,0.0002405882175040904,1.4435293050245423e-05,594,97.41193386053199,0.11329933398923456,55.98556903902919,2.0400699754354013,712.3122174907476
True,"Frontier LoRA adaptation (H=1,024)",28,2.297013358636336,1024,38948,0.00022426022005793888,1.3455613203476334e-05,616,97.12437095614666,0.11978981170955963,57.4286651361102,1.9664849105839965,738.5267316587269
True,"Frontier LoRA adaptation (H=1,024)",29,1.7785042822360992,1024,40339,0.00020805594457307924,1.2483356674384755e-05,638,98.27462257368799,0.08336556326306012,56.54312889471958,2.022054114862519,764.540285365656
True,"Frontier LoRA adaptation (H=1,024)",30,2.010859390551394,1024,41730,0.00019204638398034936,1.1522783038820961e-05,660,98.13084112149532,0.0932339183038126,57.29747458183011,1.993337701914466,790.4478673581034
True,"Frontier LoRA adaptation (H=1,024)",31,2.162426794117147,1024,43121,0.00017630167814061258,1.0578100688436756e-05,682,97.19626168224299,0.1160959383294704,57.33027222040013,1.9571614977022436,816.408688466996
True,"Frontier LoRA adaptation (H=1,024)",32,2.02370009097186,1024,44512,0.0001608908065533712,9.653448393202272e-06,704,98.13084112149532,0.094920983081409,56.11675959330928,2.0336552886112123,842.4430999830365
True,"Frontier LoRA adaptation (H=1,024)",33,1.8948640714992175,1024,45903,0.0001458812861490653,8.752877168943917e-06,726,98.13084112149532,0.0918973313228078,55.95277140045917,2.051207685361107,868.8228410314769
True,"Frontier LoRA adaptation (H=1,024)",34,1.9498008692806417,1024,47294,0.00013133887548906752,7.880332529344052e-06,748,97.91516894320633,0.08838083742335064,57.035093473269924,1.9808176477919566,894.7308536749333
True,"Frontier LoRA adaptation (H=1,024)",35,1.8377897305922075,1024,48685,0.00011732728666930999,7.039637200158599e-06,770,98.20273184759166,0.07702215792548305,57.06789111183995,1.981939216331014,920.5796219334006
True,"Frontier LoRA adaptation (H=1,024)",36,1.5113893645730885,1024,50076,0.00010390790618972823,6.234474371383694e-06,792,98.705966930266,0.06467694853982164,56.64152181042965,2.023433183599355,947.0804020594805
True,"Frontier LoRA adaptation (H=1,024)",37,1.9980237483978271,1024,51467,9.11395260124289e-05,5.468371560745734e-06,814,98.058950395399,0.10067959940750594,56.87110528041981,1.978258770385622,973.3067258559167
True,"Frontier LoRA adaptation (H=1,024)",38,1.9158199592070146,1024,52858,7.907808598684777e-05,4.744685159210867e-06,836,98.34651329978433,0.09081771286334347,57.0022958346999,1.9780139141139064,999.4781908411533
True,"Frontier LoRA adaptation (H=1,024)",39,1.725319130854173,1024,54249,6.777642877036494e-05,4.066585726221897e-06,858,98.34651329978433,0.07780897617340088,57.23187930469006,1.966078906185942,1025.5060057435185
True,"Frontier LoRA adaptation (H=1,024)",40,1.6404090767556971,1024,55640,5.7284068318101185e-05,3.437044099086071e-06,880,98.49029475197699,0.07081439467662534,57.52705805182027,1.9623506995801967,1051.4609925355762
True,"Frontier LoRA adaptation (H=1,024)",41,1.8851077231493862,1024,57031,4.7646972956169615e-05,2.858818377370177e-06,902,98.058950395399,0.09312569803680815,57.36306985897016,1.9708864781926132,1077.5037310756743
True,"Frontier LoRA adaptation (H=1,024)",42,1.6496262448755177,1024,58422,3.890736398876508e-05,2.3344418393259047e-06,924,98.34651329978433,0.08394155649724065,56.87110528041981,1.9867730445649123,1103.5357618778944
True,"Frontier LoRA adaptation (H=1,024)",43,1.6940891471776096,1024,59813,3.110353072142021e-05,1.8662118432852126e-06,946,98.20273184759166,0.07202736410967829,57.06789111183995,1.9780901655207779,1129.36168015562
True,"Frontier LoRA adaptation (H=1,024)",44,1.6809273931113156,1024,61204,2.4269662710831545e-05,1.4561797626498926e-06,968,98.27462257368799,0.071217184783228,57.133486388979996,1.9834561871872374,1155.4047170355916
True,"Frontier LoRA adaptation (H=1,024)",45,1.5514908338134938,1024,62595,1.8435699976192516e-05,1.106141998571551e-06,990,98.56218547807333,0.06389954568326774,57.19908166612004,1.9752313445614533,1181.1396210677922
True,"Frontier LoRA adaptation (H=1,024)",46,1.7470340464602818,1024,63986,1.3627201828273656e-05,8.176321096964194e-07,1012,98.13084112149532,0.0800178615760666,57.264676943260085,1.9727068031839012,1206.9060183390975
True,"Frontier LoRA adaptation (H=1,024)",47,1.4090111221779476,1024,65377,9.865234890927895e-06,5.919140934556736e-07,1034,98.99352983465133,0.054275370518309364,57.06789111183995,1.9712917319122945,1232.8089454751462
True,"Frontier LoRA adaptation (H=1,024)",48,1.589393752542409,1024,66768,7.166280805611358e-06,4.2997684833668145e-07,1056,98.63407620416966,0.0648919192258614,57.16628402755001,1.9679381613576556,1258.7734306268394
True,"Frontier LoRA adaptation (H=1,024)",49,1.664622806689956,1024,68159,5.542164023277864e-06,3.325298413966718e-07,1078,98.56218547807333,0.07320178969141222,57.264676943260085,1.9667040235920397,1284.9933036491275
True,"Frontier LoRA adaptation (H=1,024)",50,1.529437466101213,1024,69550,5e-06,3.0000000000000004e-07,1100,98.99352983465133,0.055076534331573335,57.33027222040013,1.9662240273290166,1311.2423525433987
True,"Frontier LoRA adaptation (H=2,048)",1,10.87726768694426,2048,2415,0.0002,1.2e-05,38,3.1884057971014492,5.302709708203934,3.0173827484421123,5.1744309097245,36.27795312739909
True,"Frontier LoRA adaptation (H=2,048)",2,9.653034461172004,2048,4830,0.0004,2.4e-05,76,20.74534161490683,3.9508857932396806,31.223351918661855,3.2799197528822845,72.54196206294
True,"Frontier LoRA adaptation (H=2,048)",3,8.84113483679922,2048,7245,0.0004998784146258861,2.9992704877553167e-05,114,55.6935817805383,2.0236150074202577,57.19908166612004,1.9109221371168699,108.68535511940718
True,"Frontier LoRA adaptation (H=2,048)",4,6.95633444033171,2048,9660,0.0004988240097601315,2.9929440585607895e-05,152,75.3623188405797,1.1298551745049454,64.67694326008528,1.528612023613499,145.01579117961228
True,"Frontier LoRA adaptation (H=2,048)",5,5.645299246436672,2048,12075,0.0004966912986410193,2.980147791846116e-05,190,84.88612836438924,0.7280600474734731,67.72712364709741,1.3816524854680678,181.3221914358437
True,"Frontier LoRA adaptation (H=2,048)",6,5.102553041357743,2048,14490,0.0004934896174097503,2.960937704458502e-05,228,87.28778467908903,0.6081661714036519,67.89111183994753,1.3911049111861407,217.69034245982766
True,"Frontier LoRA adaptation (H=2,048)",7,4.656049835054498,2048,16905,0.0004892329817235735,2.9353978903414408e-05,266,89.23395445134575,0.5082326458601231,67.75992128566743,1.375014959768844,253.91580999083817
True,"Frontier LoRA adaptation (H=2,048)",8,4.188393197561565,2048,19320,0.0004839400254009424,2.9036401524056545e-05,304,91.75983436853002,0.405674101551127,69.36700557559855,1.3120297525467814,290.31139688938856
True,"Frontier LoRA adaptation (H=2,048)",9,4.136291761147349,2048,21735,0.00047763391885024333,2.86580351310146e-05,342,91.46997929606626,0.40313468522413426,69.89176779271892,1.3026229130240417,326.3581478558481
True,"Frontier LoRA adaptation (H=2,048)",10,4.009486769375048,2048,24150,0.00047034226763917775,2.8220536058350667e-05,380,91.92546583850931,0.36728047712495854,69.36700557559855,1.2788211000516947,362.25696237944067
True,"Frontier LoRA adaptation (H=2,048)",11,3.678925087577418,2048,26565,0.00046209699164882366,2.772581949892942e-05,418,93.41614906832298,0.3237426651190527,69.53099376844867,1.3192843396220297,398.0339453443885
True,"Frontier LoRA adaptation (H=2,048)",12,3.7162747634084603,2048,28980,0.00045293418534138845,2.717605112048331e-05,456,92.7536231884058,0.3314320629427892,69.82617251557888,1.2865414129940944,433.8856443911791
True,"Frontier LoRA adaptation (H=2,048)",13,3.470069922898945,2048,31395,0.000442893959753345,2.65736375852007e-05,494,93.70600414078675,0.2999415577321813,69.3014102984585,1.3096158636636757,469.9816179946065
True,"Frontier LoRA adaptation (H=2,048)",14,3.196646097459291,2048,33810,0.0004320202669056401,2.5921216014338407e-05,532,94.57556935817806,0.2376333086633781,69.82617251557888,1.2788582723935966,505.897314414382
True,"Frontier LoRA adaptation (H=2,048)",15,3.20072897484428,2048,36225,0.000420360707399637,2.522164244397822e-05,570,94.86542443064182,0.2514628613710897,70.05575598556904,1.2873141100149383,542.3046619240195
True,"Frontier LoRA adaptation (H=2,048)",16,3.257132944307829,2048,38640,0.00040796632204105734,2.4477979322463438e-05,608,94.78260869565217,0.24580369854565734,70.02295834699902,1.2866376537149091,578.2652800157666
True,"Frontier LoRA adaptation (H=2,048)",17,3.1636526866963037,2048,41055,0.0003948913684041086,2.3693482104246517e-05,646,95.23809523809524,0.21984029339460606,69.3014102984585,1.3178383979534627,614.1505575012416
True,"Frontier LoRA adaptation (H=2,048)",18,3.1996791582358513,2048,43470,0.0003811930833139092,2.2871584998834552e-05,684,94.69979296066252,0.23980446513395132,69.89176779271892,1.3044354534806013,650.4225165098906
True,"Frontier LoRA adaptation (H=2,048)",19,2.979151594011407,2048,45885,0.0003669314322869648,2.201588593721789e-05,722,95.61076604554866,0.219581050951782,70.05575598556904,1.274965373208461,686.6033841390163
True,"Frontier LoRA adaptation (H=2,048)",20,3.049046980707269,2048,48300,0.0003521688470265454,2.1130130821592724e-05,760,95.19668737060042,0.2102564963741579,69.95736306985897,1.3147929971356516,722.725438946858
True,"Frontier LoRA adaptation (H=2,048)",21,2.9311594335656417,2048,50715,0.00033696995212209905,2.0218197127325946e-05,798,95.32091097308489,0.21601184841021742,69.99016070842899,1.274760636942392,758.6935286652297
True,"Frontier LoRA adaptation (H=2,048)",22,2.8912112367780587,2048,53130,0.0003214012821491048,1.9284076928946286e-05,836,95.77639751552795,0.1896274649578592,70.18694653984913,1.2842959450596314,795.0735845956951
True,"Frontier LoRA adaptation (H=2,048)",23,2.7405820928121867,2048,55545,0.0003055309904077815,1.833185942446689e-05,874,95.98343685300208,0.18255728826266143,70.51492292554936,1.2752485791359935,831.3534583896399
True,"Frontier LoRA adaptation (H=2,048)",24,2.4380820926867033,2048,57960,0.00028942855057568064,1.736571303454084e-05,912,96.77018633540372,0.15442096145503517,71.23647097408987,1.2614288255010289,867.6424325108528
True,"Frontier LoRA adaptation (H=2,048)",25,2.462026429803748,2048,60375,0.00027316445258020395,1.6389867154812236e-05,950,97.01863354037268,0.15466709067856055,71.5644473597901,1.256514111672436,903.9491471592337
True,"Frontier LoRA adaptation (H=2,048)",26,2.4329737095456374,2048,62790,0.00025680989402239256,1.5408593641343553e-05,988,96.60455486542443,0.15538143134265212,70.44932764840931,1.3140942944820375,940.4261097554117
True,"Frontier LoRA adaptation (H=2,048)",27,2.463317152700926,2048,65205,0.0002404364685028092,1.4426188110168552e-05,1026,97.10144927536231,0.14292026217679799,70.5805182026894,1.2699443295417203,976.8434171713889
True,"Frontier LoRA adaptation (H=2,048)",28,2.7225208753033687,2048,67620,0.0002241158522138959,1.3446951132833754e-05,1064,96.43892339544513,0.16522076880216105,70.21974417841915,1.293549715006457,1013.4262589272112
True,"Frontier LoRA adaptation (H=2,048)",29,2.3930293588261855,2048,70035,0.00020791949017077779,1.2475169410246668e-05,1102,96.93581780538302,0.13772241506517305,69.72777959986881,1.326252327703499,1049.3792488239706
True,"Frontier LoRA adaptation (H=2,048)",30,2.572435382165407,2048,72450,0.00019191828345406714,1.1515097007244028e-05,1140,96.60455486542443,0.15188729264474557,69.59658904558871,1.2984315341087433,1085.7091725505888
True,"Frontier LoRA adaptation (H=2,048)",31,2.4879765149794126,2048,74865,0.00017618227883379133,1.0570936730027481e-05,1178,97.22567287784679,0.14482420719928624,69.66218432272876,1.285756533714387,1121.772361971438
True,"Frontier LoRA adaptation (H=2,048)",32,2.4528130512488517,2048,77280,0.00016078036213314497,9.646821727988697e-06,1216,97.10144927536231,0.13271699899472064,70.25254181698918,1.2864746989559526,1157.8254697974771
True,"Frontier LoRA adaptation (H=2,048)",33,2.138685201343737,2048,79695,0.00014577995667439426,8.746797400463655e-06,1254,97.59834368530021,0.11251679572506228,69.76057723843883,1.2862017410393425,1194.1602197550237
True,"Frontier LoRA adaptation (H=2,048)",34,2.0798693914946758,2048,82110,0.00013124672812701616,7.87480368762097e-06,1292,97.7639751552795,0.10760224373937888,70.5805182026894,1.27014403626269,1230.5067401714623
True,"Frontier LoRA adaptation (H=2,048)",35,2.204059642396475,2048,84525,0.00011724429705012425,7.034657823007455e-06,1330,97.51552795031056,0.11270553700425363,70.7117087569695,1.2721725756631752,1266.4960005711764
True,"Frontier LoRA adaptation (H=2,048)",36,1.914359842476092,2048,86940,0.00010383396038755765,6.23003762325346e-06,1368,98.01242236024845,0.0929853323823917,69.79337487700886,1.2851989235632457,1302.4840068947524
True,"Frontier LoRA adaptation (H=2,048)",37,2.2919509646139646,2048,89355,9.107442313480947e-05,5.4644653880885685e-06,1406,97.22567287784679,0.12504349598973435,70.7117087569695,1.2592287698547424,1338.6986422538757
True,"Frontier LoRA adaptation (H=2,048)",38,2.106951398284812,2048,91770,7.902154135245231e-05,4.741292481147139e-06,1444,97.9296066252588,0.11089527281174749,70.64611347982945,1.2663142315948075,1374.764206269756
True,"Frontier LoRA adaptation (H=2,048)",39,2.0488557713596443,2048,94185,6.772807765103923e-05,4.0636846590623544e-06,1482,97.63975155279503,0.10082965489500058,70.77730403410955,1.26256658116807,1410.721856314689
True,"Frontier LoRA adaptation (H=2,048)",40,2.041546743167074,2048,96600,5.724347021787164e-05,3.4346082130722982e-06,1520,97.7639751552795,0.09800511670161972,70.44932764840931,1.264715588182729,1446.6271023917943
True,"Frontier LoRA adaptation (H=2,048)",41,2.034057227012358,2048,99015,4.76136163967373e-05,2.856816983804238e-06,1558,97.97101449275362,0.1038611360218214,70.64611347982945,1.2746274027913544,1482.554545974359
True,"Frontier LoRA adaptation (H=2,048)",42,1.919578958498804,2048,101430,3.8880671768021507e-05,2.3328403060812904e-06,1596,97.88819875776397,0.09515084845185527,70.38373237126928,1.2660539000884319,1518.7143477126956
True,"Frontier LoRA adaptation (H=2,048)",43,2.1177263244202265,2048,103845,3.108286560873449e-05,1.8649719365240692e-06,1634,97.72256728778468,0.10819407605236361,70.38373237126928,1.2628337363408566,1554.6908867042512
True,"Frontier LoRA adaptation (H=2,048)",44,2.036074288973683,2048,106260,2.4254333540296902e-05,1.455260012417814e-06,1672,97.68115942028986,0.10093082700456892,70.31813709412923,1.2628052668635592,1591.1560004930943
True,"Frontier LoRA adaptation (H=2,048)",45,2.1163654186223684,2048,108675,1.842496809668405e-05,1.105498085801043e-06,1710,97.72256728778468,0.09800934653351272,70.15414890127911,1.2600763945862596,1627.4079997148365
True,"Frontier LoRA adaptation (H=2,048)",46,1.91950282611345,2048,111090,1.3620287867078738e-05,8.172172720247242e-07,1748,98.30227743271222,0.08680635322942003,70.2853394555592,1.2623732877426672,1663.4240535069257
True,"Frontier LoRA adaptation (H=2,048)",47,1.8044084051721974,2048,113505,9.861325785875071e-06,5.916795471525043e-07,1786,98.30227743271222,0.0796576093689502,70.51492292554936,1.2605861414843367,1699.4919430874288
True,"Frontier LoRA adaptation (H=2,048)",48,1.5992430444610746,2048,115920,7.164537059052543e-06,4.2987222354315256e-07,1824,98.55072463768116,0.07888172388570402,70.54772056411939,1.2580916359996202,1735.680972771719
True,"Frontier LoRA adaptation (H=2,048)",49,1.9429660678694123,2048,118335,5.541727129982058e-06,3.3250362779892346e-07,1862,97.97101449275362,0.09612245569564788,70.74450639553952,1.2575414563132412,1771.88701162301
True,"Frontier LoRA adaptation (H=2,048)",50,1.6834517505608106,2048,120750,5e-06,3.0000000000000004e-07,1900,98.4679089026915,0.07303036034230613,70.67891111839947,1.2572364244120127,1808.0430917087942
True,"Frontier LoRA adaptation (H=4,096)",1,10.564945411682128,4096,4463,0.0002,1.2e-05,70,2.845619538427067,5.267905031649115,7.117087569694982,4.5518061762053135,55.91128153540194
True,"Frontier LoRA adaptation (H=4,096)",2,9.550816944667272,4096,8926,0.0004,2.4e-05,140,34.84203450593771,3.107273636018111,61.29878648737291,1.7217576754761743,112.33864942006767
True,"Frontier LoRA adaptation (H=4,096)",3,7.83224435533796,4096,13389,0.0004998722257368333,2.9992333544209993e-05,210,67.15213981626708,1.4887495808021225,73.1387340111512,1.134367858045959,168.70808372087777
True,"Frontier LoRA adaptation (H=4,096)",4,6.619407967158726,4096,17852,0.0004988053521330485,2.992832112798291e-05,280,75.98028232130854,1.0460350340907947,77.20564119383404,0.9562133934193652,225.40139346383512
True,"Frontier LoRA adaptation (H=4,096)",5,5.737569073268346,4096,22315,0.0004966607999997861,2.9799647999987172e-05,350,82.00761819403988,0.7724116178149737,77.79599868809446,0.9259767304017295,282.05647299066186
True,"Frontier LoRA adaptation (H=4,096)",6,5.23924070085798,4096,26778,0.0004934479525590076,2.960687715354046e-05,420,86.01837329150796,0.6425515054561299,78.35355854378484,0.8949546301001289,338.98287124186754
True,"Frontier LoRA adaptation (H=4,096)",7,4.819929347719465,4096,31241,0.0004891808672263372,2.9350852033580227e-05,490,87.45238628725073,0.5665968023766431,78.8455231223352,0.8767576508539237,395.57725346647203
True,"Frontier LoRA adaptation (H=4,096)",8,4.536482875687735,4096,35704,0.0004838782141045827,2.903269284627496e-05,560,89.15527671969527,0.4856479652468036,78.41915382092489,0.8854246993423016,452.1102129165083
True,"Frontier LoRA adaptation (H=4,096)",9,4.319622434888568,4096,40167,0.00047756319429501575,2.8653791657700947e-05,630,89.78265740533274,0.4560904756084889,78.97671367661529,0.8700689764326226,509.1101249884814
True,"Frontier LoRA adaptation (H=4,096)",10,4.188655917985098,4096,44630,0.0004702634383838299,2.8215806303029792e-05,700,90.43244454402868,0.4282091214681938,79.0095113151853,0.8605782423460433,566.715100042522
True,"Frontier LoRA adaptation (H=4,096)",11,4.1374681302479335,4096,49093,0.00046201088554793604,2.772065313287616e-05,770,90.54447680932108,0.43407711564973683,79.82945227943588,0.8511154134768507,624.6688580475748
True,"Frontier LoRA adaptation (H=4,096)",12,4.120511947359358,4096,53556,0.00045284164380905435,2.717049862854326e-05,840,90.74613488684741,0.4202241916814621,80.12463102656609,0.8359805576603465,681.3636492714286
True,"Frontier LoRA adaptation (H=4,096)",13,3.994767325265067,4096,58019,0.00044279583204754214,2.656774992285253e-05,910,91.28388976025096,0.39151135864958697,79.04230895375532,0.8401224293369433,737.6710404437035
True,"Frontier LoRA adaptation (H=4,096)",14,3.7279904433659143,4096,62482,0.00043191740446720715,2.591504426803243e-05,980,92.26977369482411,0.32750517547918545,79.8622499180059,0.836676639195308,793.770508652553
True,"Frontier LoRA adaptation (H=4,096)",15,3.494749810014452,4096,66945,0.0004202539582791381,2.5215237496748286e-05,1050,93.05399955187094,0.2979197242509456,79.66546408658577,0.8695181161311855,849.9883970003575
True,"Frontier LoRA adaptation (H=4,096)",16,3.559226427759443,4096,71408,0.00040785652544600946,2.447139152676057e-05,1120,93.07640600492942,0.30653252848429235,78.25516562807478,0.8975187334790704,906.1943112462759
True,"Frontier LoRA adaptation (H=4,096)",17,3.3838781918798175,4096,75871,0.0003947793493980565,2.368676096388339e-05,1190,93.70378669056689,0.28807400374996966,78.61593965234503,0.8706020494100108,962.8389970436692
True,"Frontier LoRA adaptation (H=4,096)",18,3.4568761791501728,4096,80334,0.0003810796476976705,2.286477886186023e-05,1260,93.6813802375084,0.2882342823626027,78.7143325680551,0.8764374577518211,1019.3346175272018
True,"Frontier LoRA adaptation (H=4,096)",19,3.4009936111313954,4096,84797,0.00036681736169105023,2.2009041701463015e-05,1330,93.77100604974233,0.28050170168063576,79.07510659232535,0.8624339768361873,1076.1525408029556
True,"Frontier LoRA adaptation (H=4,096)",20,3.418526417868478,4096,89260,0.0003520548942422725,2.112329365453635e-05,1400,93.70378669056689,0.27606449355839774,78.87832076090521,0.8850360343635336,1132.543024411425
True,"Frontier LoRA adaptation (H=4,096)",21,3.1688355258532934,4096,93723,0.0003368568366972985,2.021141020183791e-05,1470,94.5104190006722,0.2556979880054088,79.30469006231552,0.8603761246963656,1189.1646798960865
True,"Frontier LoRA adaptation (H=4,096)",22,3.1308281779289246,4096,98186,0.00032128968627254725,1.9277381176352833e-05,1540,94.60004481290612,0.22975527393478679,80.22302394227616,0.8605678204279643,1245.2983100526035
True,"Frontier LoRA adaptation (H=4,096)",23,3.0692087633269174,4096,102649,0.00030542155510457044,1.8325293306274225e-05,1610,94.77929643737396,0.22639942340137123,79.76385700229584,0.8610471936279377,1301.395393807441
True,"Frontier LoRA adaptation (H=4,096)",24,3.061901160648891,4096,107112,0.000289321872233844,1.735931233403064e-05,1680,94.98095451490029,0.22366455871108507,80.05903574942604,0.8530709318897302,1357.9166570231318
True,"Frontier LoRA adaptation (H=4,096)",25,2.9437331054891858,4096,111575,0.0002730610798266095,1.6383664789596573e-05,1750,95.02576742101725,0.21872515451900099,79.46867825516563,0.8766366427513215,1413.6717051193118
True,"Frontier LoRA adaptation (H=4,096)",26,2.906529084273747,4096,116038,0.0002567103249639104,1.5402619497834625e-05,1820,95.42908357606991,0.21083187581497592,79.63266644801574,0.8569122763609018,1469.8359937835485
True,"Frontier LoRA adaptation (H=4,096)",27,2.9387361560549055,4096,120501,0.00024034114834635919,1.4420468900781551e-05,1890,95.33945776383598,0.20057175802110744,79.66546408658577,0.8582882691931044,1526.0371051151305
True,"Frontier LoRA adaptation (H=4,096)",28,2.7039216403450284,4096,124964,0.00022402517127667306,1.3441510276600383e-05,1960,95.80999327806408,0.1808128223380726,79.89504755657593,0.8583040284344157,1582.14314529486
True,"Frontier LoRA adaptation (H=4,096)",29,2.6918691899095264,4096,129427,0.00020783378228954346,1.2470026937372608e-05,2030,96.01165135559042,0.1808825993041086,79.40308297802558,0.867195841287855,1638.1749695111066
True,"Frontier LoRA adaptation (H=4,096)",30,2.7490692953978266,4096,133890,0.00019183782479995423,1.1510269487997254e-05,2100,96.10127716782434,0.17998337280902524,80.02623811085601,0.8578757464045108,1694.1764629315585
True,"Frontier LoRA adaptation (H=4,096)",31,2.7537809014320374,4096,138353,0.00017610728713660236,1.0566437228196142e-05,2170,96.0340578086489,0.1775782105101616,79.20629714660545,0.8612321420120935,1750.414210818708
True,"Frontier LoRA adaptation (H=4,096)",32,2.69930060335568,4096,142816,0.00016071099631664407,9.642659778998644e-06,2240,96.1460900739413,0.16099518824660028,79.993440472286,0.8500272789013976,1807.1682116687298
True,"Frontier LoRA adaptation (H=4,096)",33,2.4295777320861816,4096,147279,0.00014571631690161503,8.742979014096902e-06,2310,96.97512883710509,0.14513002608139206,79.66546408658577,0.8520006972400819,1863.6592102069408
True,"Frontier LoRA adaptation (H=4,096)",34,2.4476240847791946,4096,151742,0.00013118885625214283,7.87133137512857e-06,2380,96.59421913511092,0.14583072054955074,80.09183338799606,0.8490349559089558,1919.7239778209478
True,"Frontier LoRA adaptation (H=4,096)",35,2.5120188542774744,4096,156205,0.00011719217747107611,7.031530648264566e-06,2450,96.70625140040332,0.14546396535740502,80.58379796654641,0.8361347832809554,1976.2913528885692
True,"Frontier LoRA adaptation (H=4,096)",36,2.332571510757719,4096,160668,0.00010378752129100843,6.227251277460506e-06,2520,97.1767869146314,0.12519898949891708,80.64939324368646,0.8373178849262501,2032.4602834638208
True,"Frontier LoRA adaptation (H=4,096)",37,2.591855787379401,4096,165131,9.103353812304612e-05,5.462012287382767e-06,2590,96.3701546045261,0.15502829319848999,80.38701213512627,0.8422970119637714,2088.6460253037512
True,"Frontier LoRA adaptation (H=4,096)",38,2.5499750409807476,4096,169594,7.898603143920635e-05,4.739161886352381e-06,2660,96.43737396370155,0.15164408351497322,80.35421449655625,0.8457859173177618,2144.622052466497
True,"Frontier LoRA adaptation (H=4,096)",39,2.461158888680594,4096,174057,6.769771361124422e-05,4.061862816674653e-06,2730,96.66143849428636,0.13653878831233035,80.38701213512627,0.8459395849341133,2200.641613090411
True,"Frontier LoRA adaptation (H=4,096)",40,2.4493289125817164,4096,178520,5.721797527420586e-05,3.4330785164523514e-06,2800,96.90790947792965,0.13718949412914927,80.84617907510659,0.844272797441592,2257.009865967557
True,"Frontier LoRA adaptation (H=4,096)",41,2.4187378202165877,4096,182983,4.759266922382874e-05,2.8555601534297244e-06,2870,96.90790947792965,0.1384138816038162,80.35421449655625,0.8521043721790508,2313.05753724277
True,"Frontier LoRA adaptation (H=4,096)",42,2.26374905024256,4096,187446,3.886390979331856e-05,2.3318345875991137e-06,2940,97.06475464933901,0.1245897230801763,80.32141685798622,0.8411538764350568,2369.7781198620796
True,"Frontier LoRA adaptation (H=4,096)",43,2.452128093583243,4096,191909,3.1069888587306814e-05,1.8641933152384087e-06,3010,96.86309657181268,0.1379385428019444,80.48540505083633,0.8415306106322161,2427.718194294721
True,"Frontier LoRA adaptation (H=4,096)",44,2.357278742960521,4096,196372,2.4244707379219345e-05,1.4546824427531606e-06,3080,97.04234819628053,0.13066707409579417,80.48540505083633,0.8382225787299467,2485.921473070979
True,"Frontier LoRA adaptation (H=4,096)",45,2.319213300517627,4096,200835,1.8418228903194958e-05,1.1050937341916975e-06,3150,96.97512883710509,0.12218094203281424,80.55100032797638,0.8388318255441077,2544.145890403539
True,"Frontier LoRA adaptation (H=4,096)",46,2.451609029514449,4096,205298,1.3615946193395273e-05,8.169567716037163e-07,3220,96.93031593098813,0.1360817206912903,80.48540505083633,0.8389563862321102,2600.4075018707663
True,"Frontier LoRA adaptation (H=4,096)",47,2.294712426832744,4096,209761,9.858871042393959e-06,5.915322625436375e-07,3290,97.28881917992382,0.11609169653170905,80.48540505083633,0.8376716058267535,2656.8269056174904
True,"Frontier LoRA adaptation (H=4,096)",48,2.20755303055048,4096,214224,7.1634420666839704e-06,4.298065240010382e-07,3360,97.26641272686534,0.11892938205219827,80.45260741226632,0.8367991248831744,2713.2658959124237
True,"Frontier LoRA adaptation (H=4,096)",49,2.2831675278288976,4096,218687,5.541452781549079e-06,3.324871668929447e-07,3430,97.04234819628053,0.12356326335912965,80.45260741226632,0.8370733145378816,2769.5783600471914
True,"Frontier LoRA adaptation (H=4,096)",50,2.229041608742305,4096,223150,5e-06,3.0000000000000004e-07,3500,97.33363208604078,0.11779510560870143,80.55100032797638,0.8364809611149403,2826.030180286616
True,"Frontier LoRA adaptation (H=8,192)",1,10.22531325069826,8192,8559,0.0002,1.2e-05,134,5.865171164855708,4.968095307205865,37.422105608396194,3.0429789392077833,98.16063943132758
True,"Frontier LoRA adaptation (H=8,192)",2,9.064428966436813,8192,17118,0.0004,2.4e-05,268,55.9527982240916,2.030732522209694,75.1393899639226,1.0514113494082333,196.66995208896697
True,"Frontier LoRA adaptation (H=8,192)",3,7.292814130213723,8192,25677,0.0004998686487941308,2.9992118927647847e-05,402,70.95455076527632,1.271878311241017,80.15742866513611,0.8068159146557561,296.0419647283852
True,"Frontier LoRA adaptation (H=8,192)",4,6.269874092358262,8192,34236,0.000498794709329527,2.992768255977162e-05,536,77.36885150134361,0.9748758542675576,82.87963266644802,0.6963340619150714,394.94705063663423
True,"Frontier LoRA adaptation (H=8,192)",5,5.7175181232281584,8192,42795,0.000496643447403116,2.979860684418696e-05,670,80.99076994976049,0.8163782824616466,83.73237126926861,0.6620922576563989,498.3942839689553
True,"Frontier LoRA adaptation (H=8,192)",6,5.2477297729520656,8192,51354,0.0004934242728913865,2.960545637348319e-05,804,83.8999883163921,0.6883379896885742,83.10921613643818,0.6568298070850667,601.8567736633122
True,"Frontier LoRA adaptation (H=8,192)",7,4.979974412206394,8192,59913,0.0004891512668479646,2.9349076010877876e-05,938,85.08003271410212,0.6390988846529392,83.46999016070843,0.6454910198247953,703.9678708016872
True,"Frontier LoRA adaptation (H=8,192)",8,4.75487664030559,8192,68472,0.0004838431199114052,2.9030587194684313e-05,1072,86.28344432760836,0.5743417749896285,83.60118071498852,0.6430226867415546,800.6857038848102
True,"Frontier LoRA adaptation (H=8,192)",9,4.635201573371887,8192,77031,0.00047752305055010695,2.865138303300642e-05,1206,87.52190676480897,0.5409615852381807,84.09314529353887,0.6534067449823057,898.5990712475032
True,"Frontier LoRA adaptation (H=8,192)",10,4.361302977177634,8192,85590,0.0004702187035019598,2.821312221011759e-05,1340,89.22771351793433,0.4812483788093739,83.5683830764185,0.6504337208198304,997.1802581679076
True,"Frontier LoRA adaptation (H=8,192)",11,4.332499129558677,8192,94149,0.0004619620288529613,2.7717721731177676e-05,1474,89.16929547844374,0.46938367062103026,83.66677599212856,0.6582779876518813,1096.9204265922308
True,"Frontier LoRA adaptation (H=8,192)",12,4.270259369665117,8192,102708,0.00045278914228372586,2.7167348537023552e-05,1608,89.54317093118355,0.4540079236935895,83.27320432928829,0.6753794531542264,1196.1500277724117
True,"Frontier LoRA adaptation (H=8,192)",13,4.137758815466468,8192,111267,0.00044274016709518665,2.65644100257112e-05,1742,90.04556607080266,0.4224011864335142,84.09314529353887,0.6540626108001278,1296.8474361933768
True,"Frontier LoRA adaptation (H=8,192)",14,3.9217865075638043,8192,119826,0.000431859058704487,2.591154352226922e-05,1876,91.02698913424466,0.39062648059636834,83.01082322072811,0.6761503010040113,1398.2113226801157
True,"Frontier LoRA adaptation (H=8,192)",15,3.9488422799466263,8192,128385,0.00042019341237873806,2.521160474272428e-05,2010,91.50601705806753,0.3675605256029038,83.63397835355855,0.6663138082122052,1496.3037964124233
True,"Frontier LoRA adaptation (H=8,192)",16,3.9315836945576454,8192,136944,0.0004077942550476391,2.4467655302858348e-05,2144,91.23729407641079,0.3817969375799326,83.53558543784847,0.6812149321849169,1593.4265511166304
True,"Frontier LoRA adaptation (H=8,192)",17,3.871533084271559,8192,145503,0.0003947158221055948,2.368294932633569e-05,2278,91.20224325271644,0.36815705440328256,83.1420137750082,0.680858219831097,1690.3433877639472
True,"Frontier LoRA adaptation (H=8,192)",18,3.6489718529715467,8192,154062,0.0003810153201796255,2.286091921077753e-05,2412,92.3589204346302,0.3347339023425627,83.6995736306986,0.6655342800181668,1787.6054822597653
True,"Frontier LoRA adaptation (H=8,192)",19,3.5828021471180134,8192,162621,0.00036675267690075125,2.2005160614045074e-05,2546,92.62764341628694,0.33037868327717873,83.53558543784847,0.6784203142445765,1888.399164441973
True,"Frontier LoRA adaptation (H=8,192)",20,3.634065491050037,8192,171180,0.00035199027877337927,2.1119416726402754e-05,2680,92.53417455310199,0.323750490367322,83.17481141357823,0.6933268487316618,1999.4575822800398
True,"Frontier LoRA adaptation (H=8,192)",21,3.4736857031708332,8192,179739,0.00033679269828928586,2.0207561897357153e-05,2814,93.07162051641546,0.29573445780308727,82.87963266644802,0.7022964268600249,2110.649530151859
True,"Frontier LoRA adaptation (H=8,192)",22,3.551310938685688,8192,188298,0.0003212264114798291,1.9273584688789745e-05,2948,92.87299918214745,0.2978021870401505,83.27320432928829,0.6903397362128209,2221.987865494564
True,"Frontier LoRA adaptation (H=8,192)",23,3.284416760971297,8192,196857,0.00030535950714185043,1.8321570428511026e-05,3082,93.8310550297932,0.2688436766402829,82.97802558215808,0.7100532121367438,2332.9985623080283
True,"Frontier LoRA adaptation (H=8,192)",24,3.3690970210886713,8192,205416,0.0002892613890091501,1.7355683340549008e-05,3216,93.76095338240448,0.2746584200666864,83.92915710068876,0.6778045215150027,2444.4413344915956
True,"Frontier LoRA adaptation (H=8,192)",25,3.1930961448754838,8192,213975,0.000273002472172269,1.6380148330336138e-05,3350,94.19324687463488,0.25589272206820457,83.73237126926861,0.6820332197800508,2555.299773711711
True,"Frontier LoRA adaptation (H=8,192)",26,3.1543911393009014,8192,222534,0.0002566538750744764,1.5399232504468585e-05,3484,94.3217665615142,0.24642056730225592,83.30600196785831,0.6739823412371292,2666.3295068778098
True,"Frontier LoRA adaptation (H=8,192)",27,3.1993392527993048,8192,231093,0.00024028710843120943,1.4417226505872566e-05,3618,94.25166491412548,0.2445511826149617,83.66677599212856,0.6947218537447921,2777.4289174564183
True,"Frontier LoRA adaptation (H=8,192)",28,3.0541564617584003,8192,239652,0.00022397376243366598,1.3438425746019959e-05,3752,94.84752891692955,0.22589956948043782,83.17481141357823,0.6881558001334646,2888.3503212556243
True,"Frontier LoRA adaptation (H=8,192)",29,3.030152020169728,8192,248211,0.00020778519360476218,1.246711161628573e-05,3886,94.85921252482767,0.22178266708337477,83.20760905214824,0.6856797894871638,2999.499934360385
True,"Frontier LoRA adaptation (H=8,192)",30,3.0139820815911933,8192,256770,0.00019179221267718224,1.1507532760630935e-05,4020,95.09288468279004,0.21029599454723544,83.46999016070843,0.6846096223985692,3110.239120164886
True,"Frontier LoRA adaptation (H=8,192)",31,3.0186004131587585,8192,265329,0.00017606477485878046,1.0563886491526828e-05,4154,95.04615025119757,0.21247288889382984,83.40439488356839,0.6954478222880452,3220.9621027912945
True,"Frontier LoRA adaptation (H=8,192)",32,2.9580275594298517,8192,273888,0.0001606716738401503,9.640300430409018e-06,4288,95.10456829068816,0.19965720146055296,82.87963266644802,0.7026615637018861,3331.8922487404197
True,"Frontier LoRA adaptation (H=8,192)",33,2.8650838683790236,8192,282447,0.0001456802408828092,8.740814452968552e-06,4422,95.27982240915995,0.1976288620006928,83.27320432928829,0.6793589418385607,3443.064762448892
True,"Frontier LoRA adaptation (H=8,192)",34,2.795712599781022,8192,291006,0.00013115605030422268,7.86936301825336e-06,4556,95.67706507769599,0.17923410112354463,83.33879960642834,0.6748232849311265,3553.852078575641
True,"Frontier LoRA adaptation (H=8,192)",35,2.8061248339823823,8192,299565,0.00011716263264791083,7.02975795887465e-06,4690,95.8055847645753,0.17805883739300735,83.73237126926861,0.6793453758292294,3664.884168367833
True,"Frontier LoRA adaptation (H=8,192)",36,2.628445777875274,8192,308124,0.00010376119679326732,6.225671807596039e-06,4824,96.33134711999065,0.16378913996500702,83.63397835355855,0.6877608751226308,3775.9019676484168
True,"Frontier LoRA adaptation (H=8,192)",37,2.8225237438038215,8192,316683,9.101036222061281e-05,5.460621733236768e-06,4958,95.64201425400164,0.18335711685822018,84.06034765496884,0.6842823697919336,3886.7992362231016
True,"Frontier LoRA adaptation (H=8,192)",38,2.8140170040415295,8192,325242,7.896590260259069e-05,4.737954156155442e-06,5092,95.66538146979788,0.1836609740251135,83.6995736306986,0.6835861719018242,3997.722939822823
True,"Frontier LoRA adaptation (H=8,192)",39,2.7650117153552043,8192,333801,6.768050184346399e-05,4.060830110607839e-06,5226,95.91073723565837,0.1718607076711083,83.6995736306986,0.6850973506488344,4108.962975319475
True,"Frontier LoRA adaptation (H=8,192)",40,2.5831792648158856,8192,342360,5.720352363342882e-05,3.4322114180057294e-06,5360,96.4832340226662,0.15945933052891534,83.60118071498852,0.6845284033775643,4219.85834624432
True,"Frontier LoRA adaptation (H=8,192)",41,2.7349113915393604,8192,350919,4.758079552594055e-05,2.854847731556433e-06,5494,95.94578805935272,0.16910675293737126,83.66677599212856,0.6832676722050183,4330.547785714269
True,"Frontier LoRA adaptation (H=8,192)",42,2.6153759582718807,8192,359478,3.8854408482523445e-05,2.331264508951407e-06,5628,96.4832340226662,0.15418334973305517,83.73237126926861,0.6815322107782361,4441.713201796636
True,"Frontier LoRA adaptation (H=8,192)",43,2.716587417161287,8192,368037,3.1062532761880695e-05,1.8637519657128417e-06,5762,96.01588970674145,0.16829954352191095,83.60118071498852,0.6795437275757357,4550.364556448534
True,"Frontier LoRA adaptation (H=8,192)",44,2.6178278945275206,8192,376596,2.423925095862539e-05,1.4543550575175235e-06,5896,96.24956186470382,0.15430684921994695,83.73237126926861,0.6769061621856439,4645.524434987456
True,"Frontier LoRA adaptation (H=8,192)",45,2.62637523928685,8192,385155,1.8414408921943328e-05,1.1048645353165997e-06,6030,96.20282743311134,0.16101232104552712,83.79796654640866,0.676894291458305,4751.100028760731
True,"Frontier LoRA adaptation (H=8,192)",46,2.727630109929327,8192,393714,1.3613485206285206e-05,8.168091123771124e-07,6164,96.09767496202828,0.16786581834268732,83.89635946211872,0.6757591268827814,4862.118710400537
True,"Frontier LoRA adaptation (H=8,192)",47,2.6232307855762653,8192,402273,9.85747962512816e-06,5.914487775076896e-07,6298,96.26124547260194,0.15941272934876755,83.96195473925877,0.6757789810746175,4972.778499402106
True,"Frontier LoRA adaptation (H=8,192)",48,2.4955254470679296,8192,410832,7.162821395284225e-06,4.2976928371705353e-07,6432,96.74027339642481,0.1401369178360597,83.76516890783864,0.6749479794901057,5083.538830963895
True,"Frontier LoRA adaptation (H=8,192)",49,2.602864103975581,8192,419391,5.5412972735449975e-06,3.324778364126998e-07,6566,96.43649959107373,0.15833887918514408,83.66677599212856,0.6742056561673653,5183.800407731906
True,"Frontier LoRA adaptation (H=8,192)",50,2.544656694825016,8192,427950,5e-06,3.0000000000000004e-07,6700,96.57670288585115,0.15117656679016392,83.63397835355855,0.6739440628957576,5290.991977732629
True,"Frontier LoRA adaptation (H=11,827; full fit)",1,10.179862366920991,11827,12194,0.0001997907949790795,1.1987447698744771e-05,191,12.186321141545022,4.584487937563107,58.41259429321089,1.8829720842130617,151.7897761221975
True,"Frontier LoRA adaptation (H=11,827; full fit)",2,8.574259765485195,11827,24388,0.000399581589958159,2.3974895397489543e-05,382,62.78497621781204,1.6828024440150349,78.7143325680551,0.8959340351689015,304.4192614145577
True,"Frontier LoRA adaptation (H=11,827; full fit)",3,6.856260651693294,11827,36582,0.000499868854930181,2.9992131295810863e-05,573,72.9539117598819,1.1793938083532933,81.73171531649722,0.7158899291611843,457.13577295280993
True,"Frontier LoRA adaptation (H=11,827; full fit)",4,6.179230422873772,11827,48776,0.0004987953199714215,2.992771919828529e-05,764,77.52993275381336,0.9635355745903367,82.48606100360774,0.6574173743078144,609.6021980214864
True,"Frontier LoRA adaptation (H=11,827; full fit)",5,5.52823762494232,11827,60970,0.0004966444421599779,2.9798666529598673e-05,955,81.0890601935378,0.7977018753622367,84.88028861921941,0.589672652257392,762.0875256899744
True,"Frontier LoRA adaptation (H=11,827; full fit)",6,5.202773786964217,11827,73164,0.0004934256298469198,2.960553779081519e-05,1146,83.3606691815647,0.7040015767006594,84.55231223351919,0.6337733683174811,914.6039837673306
True,"Frontier LoRA adaptation (H=11,827; full fit)",7,4.970224250673623,11827,85358,0.0004891529627331528,2.934917776398917e-05,1337,84.85320649499754,0.646777717015656,84.91308625778944,0.5962345427315757,1066.609032139182
True,"Frontier LoRA adaptation (H=11,827; full fit)",8,4.746503466710994,11827,97552,0.0004838451302821123,2.903070781692674e-05,1528,86.03411513859275,0.5950748661961617,85.47064611347983,0.5840400296690113,1219.3015372231603
True,"Frontier LoRA adaptation (H=11,827; full fit)",9,4.59774246016098,11827,109746,0.00047752534996847463,2.865152099810848e-05,1719,87.24782680006561,0.5511984469285652,84.68350278779928,0.5988492199380736,1371.9638741835952
True,"Frontier LoRA adaptation (H=11,827; full fit)",10,4.436195663132593,11827,121940,0.0004702212657204812,2.821327594322887e-05,1910,87.87928489421027,0.506467374207564,84.97868153492948,0.5920319023895514,1524.3737227618694
True,"Frontier LoRA adaptation (H=11,827; full fit)",11,4.269405916723281,11827,134134,0.0004619648270001065,2.771788962000639e-05,2101,88.9945875020502,0.4764841214856183,84.88028861921941,0.6011469081879913,1676.7338393256068
True,"Frontier LoRA adaptation (H=11,827; full fit)",12,4.259126753083074,11827,146328,0.00045279214904999954,2.7167528942999975e-05,2292,88.79776939478432,0.47401281945408613,85.5690390291899,0.5802636201282375,1829.7457425184548
True,"Frontier LoRA adaptation (H=11,827; full fit)",13,4.200534823677303,11827,158522,0.00044274335491850176,2.6564601295110107e-05,2483,89.50303427915368,0.450146578014024,85.8642177763201,0.5709725458452294,1976.3520485535264
True,"Frontier LoRA adaptation (H=11,827; full fit)",14,3.987519051392041,11827,170716,0.0004318623999537575,2.591174399722545e-05,2674,90.47892406101361,0.4062962603995267,84.81469334207937,0.5923232018810759,2120.6524302009493
True,"Frontier LoRA adaptation (H=11,827; full fit)",15,3.9102230952048176,11827,182910,0.00042019687953461117,2.521181277207667e-05,2865,91.00377234705593,0.3875961658777478,85.07707445063956,0.5795436739022319,2273.0362579636276
True,"Frontier LoRA adaptation (H=11,827; full fit)",16,3.940403143148772,11827,195104,0.00040779782087931396,2.4467869252758838e-05,3056,90.86435952107594,0.38822607312101565,85.53624139061988,0.5938038417807404,2425.330152666196
True,"Frontier LoRA adaptation (H=11,827; full fit)",17,3.9101990274109766,11827,207298,0.000394719459842708,2.368316759056248e-05,3247,91.06117762834181,0.3826657334018461,84.68350278779928,0.6225231535984438,2577.2119371723384
True,"Frontier LoRA adaptation (H=11,827; full fit)",18,3.685687736690981,11827,219492,0.000381019003678221,2.2861140220693262e-05,3438,91.9304576020994,0.34502938936748756,85.73302722204001,0.5956794711244657,2729.6429967470467
True,"Frontier LoRA adaptation (H=11,827; full fit)",19,3.7020494101559303,11827,231686,0.0003667563808023936,2.2005382848143616e-05,3629,91.92225684762998,0.34601175845676274,85.17546736634962,0.6111011314329533,2881.681864494458
True,"Frontier LoRA adaptation (H=11,827; full fit)",20,3.707258984056443,11827,243880,0.00035199397865652045,2.1119638719391226e-05,3820,91.75004100377235,0.3536730454909287,85.20826500491964,0.6198804435592357,3034.0278615560383
True,"Frontier LoRA adaptation (H=11,827; full fit)",21,3.5874087872929596,11827,256074,0.0003367963708120446,2.0207782248722674e-05,4011,92.66032474987699,0.3195016681708057,85.07707445063956,0.6015227059138802,3186.68277987279
True,"Frontier LoRA adaptation (H=11,827; full fit)",22,3.64806159503797,11827,268268,0.000321230034513402,1.9273802070804118e-05,4202,92.20108249958996,0.32891543100794085,84.81469334207937,0.607464067190739,3339.0867597106844
True,"Frontier LoRA adaptation (H=11,827; full fit)",23,3.474667832489413,11827,280462,0.0003053630598938349,1.8321783593630093e-05,4393,92.90634738395933,0.29478446221535415,85.37225319776977,0.5946357254123407,3491.577177571133
True,"Frontier LoRA adaptation (H=11,827; full fit)",24,3.468537962249436,11827,292656,0.000289264852136122,1.735589112816732e-05,4584,93.1031654912252,0.29421003486204095,85.5690390291899,0.6222717864429728,3643.548694487661
True,"Frontier LoRA adaptation (H=11,827; full fit)",25,3.385700460503863,11827,304850,0.00027300582788102913,1.6380349672861747e-05,4775,93.34918812530753,0.2836629322694719,85.04427681206953,0.6241042636659897,3795.7422154750675
True,"Frontier LoRA adaptation (H=11,827; full fit)",26,3.199119635901526,11827,317044,0.0002566571072114509,1.5399426432687053e-05,4966,94.08725602755453,0.24823481585523116,85.53624139061988,0.6174923773865967,3947.820433592424
True,"Frontier LoRA adaptation (H=11,827; full fit)",27,3.340524450022513,11827,329238,0.0002402902025595597,1.4417412153573582e-05,5157,93.59521075938986,0.2699878314821294,85.33945555919973,0.6123122161785162,4100.338744383305
True,"Frontier LoRA adaptation (H=11,827; full fit)",28,3.152953995459991,11827,341432,0.00022397670589774615,1.3438602353864769e-05,5348,94.35788092504511,0.2462096802617793,85.27386028205969,0.612338283172237,4252.255610622466
True,"Frontier LoRA adaptation (H=11,827; full fit)",29,3.0746820625210307,11827,353626,0.00020778797558163348,1.246727853489801e-05,5539,94.51369525996391,0.23197807760459196,85.53624139061988,0.6086962009578816,4405.0033968593925
True,"Frontier LoRA adaptation (H=11,827; full fit)",30,3.1311120125635754,11827,365820,0.00019179482421497772,1.1507689452898662e-05,5730,94.25127111694276,0.2355286401276591,85.43784847490981,0.6038969492826277,4557.335752291605
True,"Frontier LoRA adaptation (H=11,827; full fit)",31,3.1601512132514835,11827,378014,0.00017606720890179034,1.0564032534107421e-05,5921,94.4316877152698,0.23569331509139824,85.01147917349951,0.6231031793185866,4693.20445629023
True,"Frontier LoRA adaptation (H=11,827; full fit)",32,3.0809670970702046,11827,390208,0.00016067392524058045,9.640435514434826e-06,6112,94.68591110382155,0.21685022807852528,84.81469334207937,0.6194006262078916,4825.4992510303855
True,"Frontier LoRA adaptation (H=11,827; full fit)",33,2.9678944524046016,11827,402402,0.00014568230639924444,8.740938383954665e-06,6303,95.02214203706741,0.22225811833609552,85.24106264348967,0.6151473732532615,4957.728836141527
True,"Frontier LoRA adaptation (H=11,827; full fit)",34,2.9316189083129323,11827,414596,0.000131157928586907,7.86947571521442e-06,6494,95.15335410857799,0.20097533212013863,85.24106264348967,0.6246293059486997,5089.676575355232
True,"Frontier LoRA adaptation (H=11,827; full fit)",35,2.9305043229882006,11827,426790,0.000117164324211036,7.02985945266216e-06,6685,94.9483352468427,0.19572289410000338,85.01147917349951,0.6188694446272207,5221.859522322193
True,"Frontier LoRA adaptation (H=11,827; full fit)",36,2.808113706517594,11827,438984,0.00010376270397453605,6.225762238472163e-06,6876,95.6700016401509,0.1853023080507497,85.1426697277796,0.6191669925778528,5353.963810957968
True,"Frontier LoRA adaptation (H=11,827; full fit)",37,2.8395114409985966,11827,451178,9.101168912842357e-05,5.460701347705414e-06,7067,95.51418730523208,0.19027460897205423,85.07707445063956,0.6151758108267279,5486.148103900254
True,"Frontier LoRA adaptation (H=11,827; full fit)",38,2.8852016797864626,11827,463372,7.896705505125844e-05,4.738023303075506e-06,7258,95.28456618008858,0.19311326203511273,85.47064611347983,0.6152811960612566,5618.231154838577
True,"Frontier LoRA adaptation (H=11,827; full fit)",39,2.805492693529079,11827,475566,6.768148727696699e-05,4.06088923661802e-06,7449,95.59619484992619,0.18659913442125864,85.17546736634962,0.6129619020366325,5750.085743445903
True,"Frontier LoRA adaptation (H=11,827; full fit)",40,2.740157225993291,11827,487760,5.720435103823616e-05,3.4322610622941696e-06,7640,95.92422502870264,0.1772316133895819,85.30665792062972,0.6037680531142383,5881.9907991904765
True,"Frontier LoRA adaptation (H=11,827; full fit)",41,2.7552233769007377,11827,499954,4.7581475333540944e-05,2.8548885200124567e-06,7831,95.85861899294736,0.1759103766538793,85.24106264348967,0.6098119676914634,6013.951814886183
True,"Frontier LoRA adaptation (H=11,827; full fit)",42,2.7078082614154093,11827,512148,3.885495246233707e-05,2.331297147740224e-06,8022,95.85041823847794,0.17078574539228053,85.76582486061004,0.6078189353780225,6145.615504434332
True,"Frontier LoRA adaptation (H=11,827; full fit)",43,2.761472704834963,11827,524342,3.106295390528902e-05,1.8637772343173416e-06,8213,95.75200918484501,0.18009643514996693,85.70022958346999,0.6086833793712703,6276.797491205856
True,"Frontier LoRA adaptation (H=11,827; full fit)",44,2.6920523922792903,11827,536536,2.423956335491085e-05,1.454373801294651e-06,8404,96.02263408233557,0.1696116598938574,85.5690390291899,0.6046228665295253,6408.548711311072
True,"Frontier LoRA adaptation (H=11,827; full fit)",45,2.635655608242719,11827,548730,1.8414627626973922e-05,1.1048776576184352e-06,8595,95.98983106445793,0.16476572126917552,85.40505083633978,0.606971422309913,6540.102483291179
True,"Frontier LoRA adaptation (H=11,827; full fit)",46,2.7527118996175797,11827,560924,1.3613626104824077e-05,8.168175662894446e-07,8786,95.69460390355913,0.179884192003898,85.60183666775993,0.6042560394101942,6672.400201551616
True,"Frontier LoRA adaptation (H=11,827; full fit)",47,2.6521182891117965,11827,573118,9.85755928768401e-06,5.914535572610407e-07,8977,95.99803181892734,0.16884210819648254,85.66743194489997,0.6033821769056261,6803.8608092442155
True,"Frontier LoRA adaptation (H=11,827; full fit)",48,2.682326721115262,11827,585312,7.162856930451686e-06,4.2977141582710116e-07,9168,96.1046416270297,0.15773694364090365,85.63463430632994,0.6026380003456524,6935.750127233565
True,"Frontier LoRA adaptation (H=11,827; full fit)",49,2.7049048032748138,11827,597506,5.541306176808976e-06,3.324783706085385e-07,9359,96.06363785468263,0.1678574640906911,85.66743194489997,0.6024336785166019,7067.487159239128
True,"Frontier LoRA adaptation (H=11,827; full fit)",50,2.5940246866011494,11827,609700,5e-06,3.0000000000000004e-07,9550,96.28505822535674,0.16024674736947062,85.76582486061004,0.6022183958449572,7199.384225450456
False,"Frozen frontier, online full fit",1,10.32739424081373,11827,12194,,1.1987447698744771e-05,191,3.4689191405609314,5.133856654655978,14.988520826500492,4.15580735999508,51.603495648130774
False,"Frozen frontier, online full fit",2,9.260864754621895,11827,24388,,2.3974895397489543e-05,382,30.63801869772019,3.3544984141470704,53.0009839291571,2.2191426448252756,103.75638887286186
False,"Frozen frontier, online full fit",3,8.225055332583283,11827,36582,,2.9992131295810863e-05,573,54.87124815483025,2.0874123025061713,66.08724171859626,1.501630003001112,155.8459271863103
False,"Frozen frontier, online full fit",4,7.601541529151158,11827,48776,,2.992771919828529e-05,764,63.88387731671314,1.5759265531139803,70.31813709412923,1.2760224372060545,207.95229336246848
False,"Frozen frontier, online full fit",5,7.253192651958366,11827,60970,,2.9798666529598673e-05,955,68.82893226176809,1.3307277519272374,72.15480485405051,1.1787959030316517,260.2327484562993
False,"Frozen frontier, online full fit",6,7.019568365905921,11827,73164,,2.960553779081519e-05,1146,72.48646875512547,1.179495525688583,73.9914726139718,1.1079718707701776,312.47286479361355
False,"Frozen frontier, online full fit",7,6.841996312765551,11827,85358,,2.934917776398917e-05,1337,74.76627849762178,1.0727013273084283,74.54903246966218,1.0858132527202182,364.3754980880767
False,"Frozen frontier, online full fit",8,6.7502814088192284,11827,97552,,2.903070781692674e-05,1528,76.685255043464,0.9852614427015628,74.74581830108232,1.0526960140840074,416.43513053655624
False,"Frozen frontier, online full fit",9,6.602791576485359,11827,109746,,2.865152099810848e-05,1719,78.29260291946859,0.9233816041112709,74.94260413250245,1.0421284481360116,468.5497035756707
False,"Frozen frontier, online full fit",10,6.463048987363646,11827,121940,,2.821327594322887e-05,1910,80.07216663933082,0.8562473034651451,75.33617579534274,1.0315855156988267,520.5802905112505
False,"Frozen frontier, online full fit",11,6.344891046354284,11827,134134,,2.771788962000639e-05,2101,81.47449565360013,0.7981354738623075,75.72974745818301,1.0127528257235499,572.735663862899
False,"Frozen frontier, online full fit",12,6.305414379579235,11827,146328,,2.7167528942999975e-05,2292,82.17155978350009,0.7726535573442862,76.38570022958346,0.9985212036413066,624.8575735446066
False,"Frozen frontier, online full fit",13,6.309184523777188,11827,158522,,2.6564601295110107e-05,2483,82.27816959160242,0.7473986846062909,76.12331912102329,0.9976740993801279,676.9773760680109
False,"Frozen frontier, online full fit",14,6.174143323099426,11827,170716,,2.591174399722545e-05,2674,83.78710841397408,0.6978369473980864,75.89373565103313,1.009037314340223,729.1254273727536
False,"Frozen frontier, online full fit",15,6.056488396609641,11827,182910,,2.521181277207667e-05,2865,84.68919140560932,0.6538343263763433,75.50016398819285,1.0074579946405968,781.1054832767695
False,"Frozen frontier, online full fit",16,6.074961510004173,11827,195104,,2.4467869252758838e-05,3056,84.89421026734459,0.6604120477567212,75.53296162676287,0.9966782331857653,833.154725600034
False,"Frozen frontier, online full fit",17,6.025036347474103,11827,207298,,2.368316759056248e-05,3247,85.22224044612105,0.6369349272579213,75.92653328960314,1.004940897490244,885.4719118755311
False,"Frozen frontier, online full fit",18,5.843938938610217,11827,219492,,2.2861140220693262e-05,3438,86.39494833524684,0.588431019303602,76.25450967530338,1.0046809625922755,937.514155279845
False,"Frozen frontier, online full fit",19,5.882220821230823,11827,231686,,2.2005382848143616e-05,3629,86.52616040675743,0.6002475955319323,75.95933092817317,1.003083595333431,989.7516380362213
False,"Frozen frontier, online full fit",20,5.795997841820043,11827,243880,,2.1119638719391226e-05,3820,87.0920124651468,0.5768703003877574,76.4184978681535,1.0062829602855508,1041.8651555255055
False,"Frozen frontier, online full fit",21,5.815470363457165,11827,256074,,2.0207782248722674e-05,4011,87.05100869279974,0.5630684871839386,76.02492620531322,1.0095469961795076,1093.9837146718055
False,"Frozen frontier, online full fit",22,5.76048741914839,11827,268268,,1.9273802070804118e-05,4202,87.34623585369854,0.5496863466375125,75.86093801246311,1.0138888973687743,1146.1653439942747
False,"Frozen frontier, online full fit",23,5.685564490513028,11827,280462,,1.8321783593630093e-05,4393,88.03509922912907,0.5313061172500367,75.86093801246311,1.0004145971631644,1198.4701844397932
False,"Frozen frontier, online full fit",24,5.710486583060619,11827,292656,,1.735589112816732e-05,4584,88.01049696572085,0.5266625320831244,75.95933092817317,1.0046736722541427,1250.4062354471534
False,"Frozen frontier, online full fit",25,5.631881894865585,11827,304850,,1.6380349672861747e-05,4775,88.23191733639494,0.509255143722902,76.38570022958346,1.0076306356528268,1302.5227002035826
False,"Frozen frontier, online full fit",26,5.465575987131808,11827,317044,,1.5399426432687053e-05,4966,89.21600787272429,0.47371055811218343,76.1561167595933,1.006026204510492,1354.688795208931
False,"Frozen frontier, online full fit",27,5.607097092723347,11827,329238,,1.4417412153573582e-05,5157,88.7157618500902,0.5082888381880425,75.86093801246311,1.0080789332704179,1406.7603584956378
False,"Frozen frontier, online full fit",28,5.534933411014018,11827,341432,,1.3438602353864769e-05,5348,89.10939806462194,0.4799573074623622,75.69694981961298,1.0042093051148462,1458.841644184664
False,"Frozen frontier, online full fit",29,5.404032529960753,11827,353626,,1.246727853489801e-05,5539,89.87206823027718,0.4507741978154019,75.92653328960314,1.0092080160999892,1510.8581252265722
False,"Frozen frontier, online full fit",30,5.42568916425655,11827,365820,,1.1507689452898662e-05,5730,89.70805314088896,0.4555246782670436,76.32010495244343,1.00651792261631,1562.985289087519
False,"Frozen frontier, online full fit",31,5.503101048045133,11827,378014,,1.0564032534107421e-05,5921,89.56864031490898,0.4651488132392341,75.76254509675303,1.0096103409228852,1614.9957222808152
False,"Frozen frontier, online full fit",32,5.423010675070797,11827,390208,,9.640435514434826e-06,6112,89.71625389535838,0.44466843416559043,76.02492620531322,1.0041498588944857,1666.9421046655625
False,"Frozen frontier, online full fit",33,5.378642904820866,11827,402402,,8.740938383954665e-06,6303,89.90487124815483,0.44174114336473974,76.32010495244343,1.0067335637368777,1718.867981435731
False,"Frozen frontier, online full fit",34,5.334169890868102,11827,414596,,7.86947571521442e-06,6494,90.26570444480892,0.4312584359508588,76.18891439816333,1.0083386342069602,1770.9151865001768
False,"Frozen frontier, online full fit",35,5.358441163107987,11827,426790,,7.02985945266216e-06,6685,90.39691651631951,0.4319247242582026,75.92653328960314,1.009603055589275,1822.998615656048
False,"Frozen frontier, online full fit",36,5.26732448757631,11827,438984,,6.225762238472163e-06,6876,90.56913236017714,0.409382435656462,76.18891439816333,1.0034253766944112,1875.1425515394658
False,"Frozen frontier, online full fit",37,5.3397759792068245,11827,451178,,5.460701347705414e-06,7067,90.31490897162539,0.42403050667148195,75.92653328960314,1.009365032993015,1927.296718409285
False,"Frozen frontier, online full fit",38,5.324014254265431,11827,463372,,4.738023303075506e-06,7258,90.43792028866656,0.42593394534908907,75.92653328960314,1.006588116048711,1979.389142660424
False,"Frozen frontier, online full fit",39,5.389645144577425,11827,475566,,4.06088923661802e-06,7449,89.96227652944071,0.43124323102789314,75.99212856674319,1.004118500556583,2031.574454497546
False,"Frozen frontier, online full fit",40,5.342347552014895,11827,487760,,3.4322610622941696e-06,7640,90.51172707889125,0.41835737126722516,75.86093801246311,1.005780860297834,2083.6775366440415
False,"Frozen frontier, online full fit",41,5.359517650454456,11827,499954,,2.8548885200124567e-06,7831,90.37231425291127,0.4296804842683787,75.82814037389308,1.0083765284512307,2135.888280559331
False,"Frozen frontier, online full fit",42,5.247007649606435,11827,512148,,2.331297147740224e-06,8022,90.70854518615712,0.4010088018692965,75.95933092817317,1.0087505214211978,2188.2094983998686
False,"Frozen frontier, online full fit",43,5.309721738256085,11827,524342,,1.8637772343173416e-06,8213,90.46252255207479,0.4197770079687343,75.89373565103313,1.007793366459402,2240.368432527408
False,"Frozen frontier, online full fit",44,5.25036451953868,11827,536536,,1.454373801294651e-06,8404,91.02837461046417,0.3975572206748398,75.79534273532306,1.0075244722150514,2292.337175872177
False,"Frozen frontier, online full fit",45,5.1848361217538725,11827,548730,,1.1048776576184352e-06,8595,91.1349844185665,0.39479048064014294,75.99212856674319,1.0069812613262352,2344.2910885848105
False,"Frozen frontier, online full fit",46,5.297038295506183,11827,560924,,8.168175662894446e-07,8786,90.66754141381007,0.41358589011566627,76.02492620531322,1.0054698517456255,2396.349119855091
False,"Frozen frontier, online full fit",47,5.286482693637229,11827,573118,,5.914535572610407e-07,8977,90.6183368869936,0.4105643184337144,76.09052148245327,1.005720767242942,2448.5875978283584
False,"Frozen frontier, online full fit",48,5.240471565286526,11827,585312,,4.2977141582710116e-07,9168,90.88076103001477,0.4017897426485722,76.12331912102329,1.0055156694001235,2500.8059989567846
False,"Frozen frontier, online full fit",49,5.3333531062640445,11827,597506,,3.324783706085385e-07,9359,90.49532556995244,0.4169747479454267,76.22171203673335,1.0052290491371243,2552.827749522403
False,"Frozen frontier, online full fit",50,5.237959478538074,11827,609700,,3.0000000000000004e-07,9550,90.905363293423,0.4022138294712997,76.12331912102329,1.0055398825310458,2604.8823083154857
