arm,policy,max_nodes_per_level,run_seed,training_sample_multiplier,learned_permutation_count,created_node_count,shared_forward_example_passes,shared_backward_example_passes,shared_forward_calls,shared_backward_calls
large_model_standard_samples,one_node_per_level,1,0,1,1,1,5120,5120,80,80
large_model_standard_samples,one_node_per_level,1,0,1,2,2,15360,15360,240,240
large_model_standard_samples,one_node_per_level,1,0,1,3,1,5120,5120,80,80
large_model_standard_samples,one_node_per_level,1,0,1,4,3,35840,35840,560,560
large_model_standard_samples,one_node_per_level,1,0,1,5,1,5120,5120,80,80
large_model_standard_samples,one_node_per_level,1,0,1,6,2,15360,15360,240,240
large_model_standard_samples,one_node_per_level,1,0,1,7,1,5120,5120,80,80
large_model_standard_samples,one_node_per_level,1,0,1,8,4,76800,76800,1200,1200
large_model_standard_samples,one_node_per_level,1,0,1,9,1,5120,5120,80,80
large_model_standard_samples,one_node_per_level,1,0,1,10,2,15360,15360,240,240
large_model_standard_samples,one_node_per_level,1,0,1,11,1,5120,5120,80,80
large_model_standard_samples,one_node_per_level,1,0,1,12,3,35840,35840,560,560
large_model_standard_samples,one_node_per_level,1,0,1,13,1,5120,5120,80,80
large_model_standard_samples,one_node_per_level,1,0,1,14,2,15360,15360,240,240
large_model_standard_samples,one_node_per_level,1,0,1,15,1,5120,5120,80,80
large_model_standard_samples,one_node_per_level,1,0,1,16,5,158720,158720,2480,2480
large_model_standard_samples,one_node_per_level,1,0,1,17,1,5120,5120,80,80
large_model_standard_samples,one_node_per_level,1,0,1,18,2,15360,15360,240,240
large_model_standard_samples,one_node_per_level,1,0,1,19,1,5120,5120,80,80
large_model_standard_samples,one_node_per_level,1,0,1,20,3,35840,35840,560,560
large_model_standard_samples,one_node_per_level,1,0,1,21,1,5120,5120,80,80
large_model_standard_samples,one_node_per_level,1,0,1,22,2,15360,15360,240,240
large_model_standard_samples,one_node_per_level,1,0,1,23,1,5120,5120,80,80
large_model_standard_samples,one_node_per_level,1,0,1,24,4,76800,76800,1200,1200
large_model_standard_samples,one_node_per_level,1,0,1,25,1,5120,5120,80,80
large_model_standard_samples,one_node_per_level,1,0,1,26,2,15360,15360,240,240
large_model_standard_samples,one_node_per_level,1,0,1,27,1,5120,5120,80,80
large_model_standard_samples,one_node_per_level,1,0,1,28,3,35840,35840,560,560
large_model_standard_samples,one_node_per_level,1,0,1,29,1,5120,5120,80,80
large_model_standard_samples,one_node_per_level,1,0,1,30,2,15360,15360,240,240
large_model_standard_samples,one_node_per_level,1,0,1,31,1,5120,5120,80,80
large_model_standard_samples,one_node_per_level,1,0,1,32,6,322560,322560,5040,5040
large_model_standard_samples,one_node_per_level,1,0,1,33,1,5120,5120,80,80
large_model_standard_samples,one_node_per_level,1,0,1,34,2,15360,15360,240,240
large_model_standard_samples,one_node_per_level,1,0,1,35,1,5120,5120,80,80
large_model_standard_samples,one_node_per_level,1,0,1,36,3,35840,35840,560,560
large_model_standard_samples,one_node_per_level,1,0,1,37,1,5120,5120,80,80
large_model_standard_samples,one_node_per_level,1,0,1,38,2,15360,15360,240,240
large_model_standard_samples,one_node_per_level,1,0,1,39,1,5120,5120,80,80
large_model_standard_samples,one_node_per_level,1,0,1,40,4,76800,76800,1200,1200
large_model_standard_samples,one_node_per_level,1,0,1,41,1,5120,5120,80,80
large_model_standard_samples,one_node_per_level,1,0,1,42,2,15360,15360,240,240
large_model_standard_samples,one_node_per_level,1,0,1,43,1,5120,5120,80,80
large_model_standard_samples,one_node_per_level,1,0,1,44,3,35840,35840,560,560
large_model_standard_samples,one_node_per_level,1,0,1,45,1,5120,5120,80,80
large_model_standard_samples,one_node_per_level,1,0,1,46,2,15360,15360,240,240
large_model_standard_samples,one_node_per_level,1,0,1,47,1,5120,5120,80,80
large_model_standard_samples,one_node_per_level,1,0,1,48,5,158720,158720,2480,2480
large_model_standard_samples,one_node_per_level,1,0,1,49,1,5120,5120,80,80
large_model_standard_samples,one_node_per_level,1,0,1,50,2,15360,15360,240,240
large_model_standard_samples,one_node_per_level,1,0,1,51,1,5120,5120,80,80
large_model_standard_samples,one_node_per_level,1,0,1,52,3,35840,35840,560,560
large_model_standard_samples,one_node_per_level,1,0,1,53,1,5120,5120,80,80
large_model_standard_samples,one_node_per_level,1,0,1,54,2,15360,15360,240,240
large_model_standard_samples,one_node_per_level,1,0,1,55,1,5120,5120,80,80
large_model_standard_samples,one_node_per_level,1,0,1,56,4,76800,76800,1200,1200
large_model_standard_samples,one_node_per_level,1,0,1,57,1,5120,5120,80,80
large_model_standard_samples,one_node_per_level,1,0,1,58,2,15360,15360,240,240
large_model_standard_samples,one_node_per_level,1,0,1,59,1,5120,5120,80,80
large_model_standard_samples,one_node_per_level,1,0,1,60,3,35840,35840,560,560
large_model_standard_samples,one_node_per_level,1,0,1,61,1,5120,5120,80,80
large_model_standard_samples,one_node_per_level,1,0,1,62,2,15360,15360,240,240
large_model_standard_samples,one_node_per_level,1,0,1,63,1,5120,5120,80,80
large_model_standard_samples,one_node_per_level,1,0,1,64,7,650240,650240,10160,10160
large_model_standard_samples,one_node_per_level,1,0,1,65,1,5120,5120,80,80
large_model_standard_samples,one_node_per_level,1,0,1,66,2,15360,15360,240,240
large_model_standard_samples,one_node_per_level,1,0,1,67,1,5120,5120,80,80
large_model_standard_samples,one_node_per_level,1,0,1,68,3,35840,35840,560,560
large_model_standard_samples,one_node_per_level,1,0,1,69,1,5120,5120,80,80
large_model_standard_samples,one_node_per_level,1,0,1,70,2,15360,15360,240,240
large_model_standard_samples,one_node_per_level,1,0,1,71,1,5120,5120,80,80
large_model_standard_samples,one_node_per_level,1,0,1,72,4,76800,76800,1200,1200
large_model_standard_samples,one_node_per_level,1,0,1,73,1,5120,5120,80,80
large_model_standard_samples,one_node_per_level,1,0,1,74,2,15360,15360,240,240
large_model_standard_samples,one_node_per_level,1,0,1,75,1,5120,5120,80,80
large_model_standard_samples,one_node_per_level,1,0,1,76,3,35840,35840,560,560
large_model_standard_samples,one_node_per_level,1,0,1,77,1,5120,5120,80,80
large_model_standard_samples,one_node_per_level,1,0,1,78,2,15360,15360,240,240
large_model_standard_samples,one_node_per_level,1,0,1,79,1,5120,5120,80,80
large_model_standard_samples,one_node_per_level,1,0,1,80,5,158720,158720,2480,2480
large_model_standard_samples,one_node_per_level,1,0,1,81,1,5120,5120,80,80
large_model_standard_samples,one_node_per_level,1,0,1,82,2,15360,15360,240,240
large_model_standard_samples,one_node_per_level,1,0,1,83,1,5120,5120,80,80
large_model_standard_samples,one_node_per_level,1,0,1,84,3,35840,35840,560,560
large_model_standard_samples,one_node_per_level,1,0,1,85,1,5120,5120,80,80
large_model_standard_samples,one_node_per_level,1,0,1,86,2,15360,15360,240,240
large_model_standard_samples,one_node_per_level,1,0,1,87,1,5120,5120,80,80
large_model_standard_samples,one_node_per_level,1,0,1,88,4,76800,76800,1200,1200
large_model_standard_samples,one_node_per_level,1,0,1,89,1,5120,5120,80,80
large_model_standard_samples,one_node_per_level,1,0,1,90,2,15360,15360,240,240
large_model_standard_samples,one_node_per_level,1,0,1,91,1,5120,5120,80,80
large_model_standard_samples,one_node_per_level,1,0,1,92,3,35840,35840,560,560
large_model_standard_samples,one_node_per_level,1,0,1,93,1,5120,5120,80,80
large_model_standard_samples,one_node_per_level,1,0,1,94,2,15360,15360,240,240
large_model_standard_samples,one_node_per_level,1,0,1,95,1,5120,5120,80,80
large_model_standard_samples,one_node_per_level,1,0,1,96,6,322560,322560,5040,5040
large_model_standard_samples,one_node_per_level,1,0,1,97,1,5120,5120,80,80
large_model_standard_samples,one_node_per_level,1,0,1,98,2,15360,15360,240,240
large_model_standard_samples,one_node_per_level,1,0,1,99,1,5120,5120,80,80
large_model_standard_samples,one_node_per_level,1,0,1,100,3,35840,35840,560,560
large_model_double_samples,one_node_per_level,1,0,2,1,1,10240,10240,160,160
large_model_double_samples,one_node_per_level,1,0,2,2,2,30720,30720,480,480
large_model_double_samples,one_node_per_level,1,0,2,3,1,10240,10240,160,160
large_model_double_samples,one_node_per_level,1,0,2,4,3,71680,71680,1120,1120
large_model_double_samples,one_node_per_level,1,0,2,5,1,10240,10240,160,160
large_model_double_samples,one_node_per_level,1,0,2,6,2,30720,30720,480,480
large_model_double_samples,one_node_per_level,1,0,2,7,1,10240,10240,160,160
large_model_double_samples,one_node_per_level,1,0,2,8,4,153600,153600,2400,2400
large_model_double_samples,one_node_per_level,1,0,2,9,1,10240,10240,160,160
large_model_double_samples,one_node_per_level,1,0,2,10,2,30720,30720,480,480
large_model_double_samples,one_node_per_level,1,0,2,11,1,10240,10240,160,160
large_model_double_samples,one_node_per_level,1,0,2,12,3,71680,71680,1120,1120
large_model_double_samples,one_node_per_level,1,0,2,13,1,10240,10240,160,160
large_model_double_samples,one_node_per_level,1,0,2,14,2,30720,30720,480,480
large_model_double_samples,one_node_per_level,1,0,2,15,1,10240,10240,160,160
large_model_double_samples,one_node_per_level,1,0,2,16,5,317440,317440,4960,4960
large_model_double_samples,one_node_per_level,1,0,2,17,1,10240,10240,160,160
large_model_double_samples,one_node_per_level,1,0,2,18,2,30720,30720,480,480
large_model_double_samples,one_node_per_level,1,0,2,19,1,10240,10240,160,160
large_model_double_samples,one_node_per_level,1,0,2,20,3,71680,71680,1120,1120
large_model_double_samples,one_node_per_level,1,0,2,21,1,10240,10240,160,160
large_model_double_samples,one_node_per_level,1,0,2,22,2,30720,30720,480,480
large_model_double_samples,one_node_per_level,1,0,2,23,1,10240,10240,160,160
large_model_double_samples,one_node_per_level,1,0,2,24,4,153600,153600,2400,2400
large_model_double_samples,one_node_per_level,1,0,2,25,1,10240,10240,160,160
large_model_double_samples,one_node_per_level,1,0,2,26,2,30720,30720,480,480
large_model_double_samples,one_node_per_level,1,0,2,27,1,10240,10240,160,160
large_model_double_samples,one_node_per_level,1,0,2,28,3,71680,71680,1120,1120
large_model_double_samples,one_node_per_level,1,0,2,29,1,10240,10240,160,160
large_model_double_samples,one_node_per_level,1,0,2,30,2,30720,30720,480,480
large_model_double_samples,one_node_per_level,1,0,2,31,1,10240,10240,160,160
large_model_double_samples,one_node_per_level,1,0,2,32,6,645120,645120,10080,10080
large_model_double_samples,one_node_per_level,1,0,2,33,1,10240,10240,160,160
large_model_double_samples,one_node_per_level,1,0,2,34,2,30720,30720,480,480
large_model_double_samples,one_node_per_level,1,0,2,35,1,10240,10240,160,160
large_model_double_samples,one_node_per_level,1,0,2,36,3,71680,71680,1120,1120
large_model_double_samples,one_node_per_level,1,0,2,37,1,10240,10240,160,160
large_model_double_samples,one_node_per_level,1,0,2,38,2,30720,30720,480,480
large_model_double_samples,one_node_per_level,1,0,2,39,1,10240,10240,160,160
large_model_double_samples,one_node_per_level,1,0,2,40,4,153600,153600,2400,2400
large_model_double_samples,one_node_per_level,1,0,2,41,1,10240,10240,160,160
large_model_double_samples,one_node_per_level,1,0,2,42,2,30720,30720,480,480
large_model_double_samples,one_node_per_level,1,0,2,43,1,10240,10240,160,160
large_model_double_samples,one_node_per_level,1,0,2,44,3,71680,71680,1120,1120
large_model_double_samples,one_node_per_level,1,0,2,45,1,10240,10240,160,160
large_model_double_samples,one_node_per_level,1,0,2,46,2,30720,30720,480,480
large_model_double_samples,one_node_per_level,1,0,2,47,1,10240,10240,160,160
large_model_double_samples,one_node_per_level,1,0,2,48,5,317440,317440,4960,4960
large_model_double_samples,one_node_per_level,1,0,2,49,1,10240,10240,160,160
large_model_double_samples,one_node_per_level,1,0,2,50,2,30720,30720,480,480
large_model_double_samples,one_node_per_level,1,0,2,51,1,10240,10240,160,160
large_model_double_samples,one_node_per_level,1,0,2,52,3,71680,71680,1120,1120
large_model_double_samples,one_node_per_level,1,0,2,53,1,10240,10240,160,160
large_model_double_samples,one_node_per_level,1,0,2,54,2,30720,30720,480,480
large_model_double_samples,one_node_per_level,1,0,2,55,1,10240,10240,160,160
large_model_double_samples,one_node_per_level,1,0,2,56,4,153600,153600,2400,2400
large_model_double_samples,one_node_per_level,1,0,2,57,1,10240,10240,160,160
large_model_double_samples,one_node_per_level,1,0,2,58,2,30720,30720,480,480
large_model_double_samples,one_node_per_level,1,0,2,59,1,10240,10240,160,160
large_model_double_samples,one_node_per_level,1,0,2,60,3,71680,71680,1120,1120
large_model_double_samples,one_node_per_level,1,0,2,61,1,10240,10240,160,160
large_model_double_samples,one_node_per_level,1,0,2,62,2,30720,30720,480,480
large_model_double_samples,one_node_per_level,1,0,2,63,1,10240,10240,160,160
large_model_double_samples,one_node_per_level,1,0,2,64,7,1300480,1300480,20320,20320
large_model_double_samples,one_node_per_level,1,0,2,65,1,10240,10240,160,160
large_model_double_samples,one_node_per_level,1,0,2,66,2,30720,30720,480,480
large_model_double_samples,one_node_per_level,1,0,2,67,1,10240,10240,160,160
large_model_double_samples,one_node_per_level,1,0,2,68,3,71680,71680,1120,1120
large_model_double_samples,one_node_per_level,1,0,2,69,1,10240,10240,160,160
large_model_double_samples,one_node_per_level,1,0,2,70,2,30720,30720,480,480
large_model_double_samples,one_node_per_level,1,0,2,71,1,10240,10240,160,160
large_model_double_samples,one_node_per_level,1,0,2,72,4,153600,153600,2400,2400
large_model_double_samples,one_node_per_level,1,0,2,73,1,10240,10240,160,160
large_model_double_samples,one_node_per_level,1,0,2,74,2,30720,30720,480,480
large_model_double_samples,one_node_per_level,1,0,2,75,1,10240,10240,160,160
large_model_double_samples,one_node_per_level,1,0,2,76,3,71680,71680,1120,1120
large_model_double_samples,one_node_per_level,1,0,2,77,1,10240,10240,160,160
large_model_double_samples,one_node_per_level,1,0,2,78,2,30720,30720,480,480
large_model_double_samples,one_node_per_level,1,0,2,79,1,10240,10240,160,160
large_model_double_samples,one_node_per_level,1,0,2,80,5,317440,317440,4960,4960
large_model_double_samples,one_node_per_level,1,0,2,81,1,10240,10240,160,160
large_model_double_samples,one_node_per_level,1,0,2,82,2,30720,30720,480,480
large_model_double_samples,one_node_per_level,1,0,2,83,1,10240,10240,160,160
large_model_double_samples,one_node_per_level,1,0,2,84,3,71680,71680,1120,1120
large_model_double_samples,one_node_per_level,1,0,2,85,1,10240,10240,160,160
large_model_double_samples,one_node_per_level,1,0,2,86,2,30720,30720,480,480
large_model_double_samples,one_node_per_level,1,0,2,87,1,10240,10240,160,160
large_model_double_samples,one_node_per_level,1,0,2,88,4,153600,153600,2400,2400
large_model_double_samples,one_node_per_level,1,0,2,89,1,10240,10240,160,160
large_model_double_samples,one_node_per_level,1,0,2,90,2,30720,30720,480,480
large_model_double_samples,one_node_per_level,1,0,2,91,1,10240,10240,160,160
large_model_double_samples,one_node_per_level,1,0,2,92,3,71680,71680,1120,1120
large_model_double_samples,one_node_per_level,1,0,2,93,1,10240,10240,160,160
large_model_double_samples,one_node_per_level,1,0,2,94,2,30720,30720,480,480
large_model_double_samples,one_node_per_level,1,0,2,95,1,10240,10240,160,160
large_model_double_samples,one_node_per_level,1,0,2,96,6,645120,645120,10080,10080
large_model_double_samples,one_node_per_level,1,0,2,97,1,10240,10240,160,160
large_model_double_samples,one_node_per_level,1,0,2,98,2,30720,30720,480,480
large_model_double_samples,one_node_per_level,1,0,2,99,1,10240,10240,160,160
large_model_double_samples,one_node_per_level,1,0,2,100,3,71680,71680,1120,1120
